Time,ASK_PRICE,ASK_SIZE,BID_PRICE,BID_SIZE
2003/12/01 09:00:00.028307,178.8,4,177.92,4
2003/12/01 09:00:00.087291,180.0,3,140.0,1
2003/12/01 09:00:00.087371,180.0,3,160.0,1
2003/12/01 09:00:00.087373,180.0,3,160.0,2
2003/12/01 09:00:00.087486,180.0,3,160.0,3
2003/12/01 09:00:00.087535,180.0,3,165.0,1
2003/12/01 09:00:00.087540,180.0,3,177.62,1
2003/12/01 09:00:00.088171,180.0,4,177.62,1
2003/12/01 09:00:00.088328,179.96,1,177.62,1
2003/12/01 09:00:00.088494,179.35,1,177.62,1
2003/12/01 09:00:00.089709,179.0,1,177.62,1
2003/12/01 09:00:00.090278,178.98,1,177.62,1
2003/12/01 09:00:00.090310,178.98,1,178.21,3
2003/12/01 09:00:00.090315,178.85,1,178.21,3
2003/12/01 09:00:00.090348,178.69,2,178.21,3
2003/12/01 09:00:00.090410,178.68,2,178.21,3
2003/12/01 09:00:00.090410,178.69,2,178.21,3
2003/12/01 09:00:00.238150,190.0,1,116.03,2
2003/12/01 09:00:00.238181,190.0,1,165.65,2
2003/12/01 09:00:00.238201,190.0,1,165.65,2
2003/12/01 09:00:00.238264,185.0,1,173.68,1
2003/12/01 09:00:00.238282,185.0,1,173.68,1
2003/12/01 09:00:00.238308,185.0,1,173.68,1
2003/12/01 09:00:00.238336,185.0,1,173.68,1
2003/12/01 09:00:00.238357,185.0,1,173.68,1
2003/12/01 09:00:00.238491,185.0,2,175.0,1
2003/12/01 09:00:00.238561,185.0,2,175.0,1
2003/12/01 09:00:00.238612,185.0,2,175.0,1
2003/12/01 09:00:00.238638,185.0,2,175.0,1
2003/12/01 09:00:00.238690,183.6,1,175.0,1
2003/12/01 09:00:00.238734,182.0,1,175.0,1
2003/12/01 09:00:00.238780,182.0,1,175.0,1
2003/12/01 09:00:00.238924,179.0,1,175.0,1
2003/12/01 09:00:00.238973,179.0,1,175.0,2
2003/12/01 09:00:00.239289,179.0,1,175.5,1
2003/12/01 09:00:00.239335,179.0,1,175.5,1
2003/12/01 09:00:00.239580,179.0,1,175.97,1
2003/12/01 09:00:00.239790,179.0,1,176.47,1
2003/12/01 09:00:00.240274,179.0,1,177.75,1
2003/12/01 09:00:00.240840,179.0,1,177.75,1
2003/12/01 09:00:00.241527,179.0,1,177.75,1
2003/12/01 09:00:00.242441,179.0,1,177.75,1
2003/12/01 09:00:00.244626,178.57,1,177.75,1
2003/12/01 09:00:00.387096,178.57,1,177.75,1
2003/12/01 09:00:00.491891,178.8,4,177.44,4
2003/12/01 09:00:00.528430,178.72,4,177.44,4
2003/12/01 09:00:00.634916,178.72,4,177.84,4
2003/12/01 09:00:00.668715,178.57,1,177.75,1
2003/12/01 09:00:01.122175,178.72,4,177.92,4
2003/12/01 09:00:01.572831,178.8,4,177.92,4
2003/12/01 09:00:02.163559,178.72,4,177.92,4
2003/12/01 09:00:04.474029,178.8,4,177.92,4
2003/12/01 09:00:05.095429,178.72,4,177.92,4
2003/12/01 09:00:10.192714,178.69,2,178.22,1
2003/12/01 09:00:10.203704,178.69,2,178.21,3
2003/12/01 09:00:10.300181,178.72,4,178.16,4
2003/12/01 09:00:10.300198,178.48,4,178.16,4
2003/12/01 09:00:19.636154,178.55,1,178.21,3
2003/12/01 09:00:19.706468,178.69,2,178.21,3
2003/12/01 09:00:19.706631,178.55,1,178.21,3
2003/12/01 09:00:19.708834,178.48,4,177.85,1
2003/12/01 09:00:19.748673,178.69,2,178.21,3
2003/12/01 09:00:19.770633,178.48,4,177.92,4
2003/12/01 09:00:20.666757,178.48,4,178.16,4
2003/12/01 09:00:21.816620,178.48,4,177.85,1
2003/12/01 09:00:21.874235,178.48,4,177.92,4
2003/12/01 09:00:24.700901,178.48,4,178.16,4
2003/12/01 09:00:24.700917,178.4,4,178.16,4
2003/12/01 09:00:28.253538,178.4,4,177.85,1
2003/12/01 09:00:28.253624,178.69,2,178.21,2
2003/12/01 09:00:28.308504,178.4,4,178.08,4
2003/12/01 09:00:28.956980,178.69,2,178.22,1
2003/12/01 09:00:33.044644,178.69,2,178.21,2
2003/12/01 09:00:33.047757,178.69,2,178.21,3
2003/12/01 09:00:33.110853,178.69,2,178.21,2
2003/12/01 09:00:33.567123,178.69,2,178.21,1
2003/12/01 09:00:34.437798,178.69,2,178.21,2
2003/12/01 09:00:37.141636,178.54,1,178.21,2
2003/12/01 09:00:37.839568,178.54,1,178.21,1
2003/12/01 09:00:39.467810,178.69,2,178.21,1
2003/12/01 09:00:41.472319,178.38,1,178.21,1
2003/12/01 09:00:48.171336,178.57,1,177.75,1
2003/12/01 09:00:51.489726,178.69,2,178.21,1
2003/12/01 09:00:52.700381,178.4,4,178.16,4
2003/12/01 09:00:53.492817,178.39,1,178.21,1
2003/12/01 09:00:53.583119,178.57,1,177.75,2
2003/12/01 09:01:01.234189,178.57,1,177.75,1
2003/12/01 09:01:01.234271,178.4,4,177.85,1
2003/12/01 09:01:01.288500,178.4,4,178.08,4
2003/12/01 09:01:03.570756,178.57,1,177.75,1
2003/12/01 09:01:03.570830,178.94,1,178.08,4
2003/12/01 09:01:03.626824,178.48,4,178.08,4
2003/12/01 09:01:03.941202,178.4,4,178.08,4
2003/12/01 09:01:05.245898,178.39,1,178.21,1
2003/12/01 09:01:08.022671,178.4,4,178.15,1
2003/12/01 09:01:08.499114,178.4,4,178.21,1
2003/12/01 09:01:10.502411,178.36,1,178.21,1
2003/12/01 09:01:13.589706,178.4,4,178.22,1
2003/12/01 09:01:23.408257,178.4,4,178.16,4
2003/12/01 09:01:23.409168,178.4,4,178.22,1
2003/12/01 09:01:23.409395,178.4,4,178.16,4
2003/12/01 09:01:24.672881,178.4,4,178.12,1
2003/12/01 09:01:33.240242,178.36,1,178.21,2
2003/12/01 09:01:33.884874,178.57,1,177.75,1
2003/12/01 09:01:33.885012,178.57,1,177.75,1
2003/12/01 09:01:33.955722,178.4,4,178.08,4
2003/12/01 09:01:33.955869,178.4,4,178.15,1
2003/12/01 09:01:34.064272,178.4,4,178.16,4
2003/12/01 09:01:37.857434,178.36,1,178.21,1
2003/12/01 09:01:40.088298,178.4,4,178.22,1
2003/12/01 09:01:40.088524,178.4,4,178.16,4
2003/12/01 09:01:40.759207,178.4,4,178.11,1
2003/12/01 09:01:41.126103,178.36,1,178.21,1
2003/12/01 09:01:41.207084,178.36,1,178.21,1
2003/12/01 09:01:41.269745,178.36,1,178.21,1
2003/12/01 09:01:41.481375,178.36,1,178.21,1
2003/12/01 09:01:41.502299,178.36,1,178.21,1
2003/12/01 09:01:41.845065,178.36,1,178.22,1
2003/12/01 09:01:41.872065,178.36,1,178.22,1
2003/12/01 09:01:42.094574,178.36,1,178.22,1
2003/12/01 09:01:42.174001,178.36,1,178.22,1
2003/12/01 09:01:42.235937,178.36,1,178.22,1
2003/12/01 09:01:42.357938,178.36,1,178.22,1
2003/12/01 09:01:42.455291,178.36,1,178.22,1
2003/12/01 09:01:42.970099,178.36,1,178.22,1
2003/12/01 09:01:43.449020,178.36,1,178.22,1
2003/12/01 09:01:43.564733,178.36,1,178.22,1
2003/12/01 09:01:43.917123,178.4,4,178.08,4
2003/12/01 09:01:43.917306,178.4,4,178.12,1
2003/12/01 09:01:46.279731,178.57,1,177.75,1
2003/12/01 09:01:46.279853,178.57,1,177.75,1
2003/12/01 09:01:50.484023,178.4,4,178.08,4
2003/12/01 09:01:50.484132,178.4,4,178.13,1
2003/12/01 09:01:50.849717,178.4,4,178.19,1
2003/12/01 09:01:51.146945,178.57,1,177.75,1
2003/12/01 09:01:58.080050,178.4,4,178.22,1
2003/12/01 09:02:01.303378,178.36,2,178.22,1
2003/12/01 09:02:01.305661,178.4,4,178.22,1
2003/12/01 09:02:03.309627,178.33,1,178.22,1
2003/12/01 09:02:13.017714,178.4,4,178.22,1
2003/12/01 09:02:14.772562,178.4,5,178.22,1
2003/12/01 09:02:14.889997,178.4,4,178.22,1
2003/12/01 09:02:15.038974,178.34,1,178.22,1
2003/12/01 09:02:22.774285,178.57,1,177.75,1
2003/12/01 09:02:23.183878,178.4,5,178.3,1
2003/12/01 09:02:23.183887,178.4,4,178.3,1
2003/12/01 09:02:23.183906,178.8,1,178.3,1
2003/12/01 09:02:23.183986,178.4,4,178.22,1
2003/12/01 09:02:23.184066,178.4,4,178.3,1
2003/12/01 09:02:23.185072,178.8,1,178.22,1
2003/12/01 09:02:23.188117,178.4,4,178.22,1
2003/12/01 09:02:23.242931,178.48,4,178.22,1
2003/12/01 09:02:23.487309,178.34,1,178.22,1
2003/12/01 09:02:23.560328,178.4,4,178.22,1
2003/12/01 09:02:43.820591,178.4,4,178.22,2
2003/12/01 09:02:52.204287,178.39,1,178.22,2
2003/12/01 09:02:52.915307,178.34,1,178.22,1
2003/12/01 09:02:54.063250,178.39,1,178.22,1
2003/12/01 09:02:54.421381,178.4,4,178.22,1
2003/12/01 09:02:57.116039,178.39,1,178.22,1
2003/12/01 09:02:57.116080,178.4,4,178.22,1
2003/12/01 09:02:57.807176,178.38,1,178.22,1
2003/12/01 09:02:57.869810,178.36,1,178.22,1
2003/12/01 09:02:57.909215,178.32,4,178.22,1
2003/12/01 09:02:58.309890,178.32,3,178.22,1
2003/12/01 09:03:00.416072,178.36,1,178.22,1
2003/12/01 09:03:00.420745,178.38,1,178.22,1
2003/12/01 09:03:01.251744,178.34,1,178.22,1
2003/12/01 09:03:01.555813,178.4,4,178.22,1
2003/12/01 09:03:03.559207,178.33,1,178.22,1
2003/12/01 09:03:03.682402,178.33,1,178.22,1
2003/12/01 09:03:03.986315,178.4,4,178.22,1
2003/12/01 09:03:05.989504,178.33,1,178.22,1
2003/12/01 09:03:13.771916,178.33,1,178.22,1
2003/12/01 09:03:14.074923,178.4,4,178.22,1
2003/12/01 09:03:14.962752,178.36,1,178.22,1
2003/12/01 09:03:15.920672,178.4,4,178.22,1
2003/12/01 09:03:16.077845,178.32,1,178.22,1
2003/12/01 09:03:16.306668,178.36,1,178.28,1
2003/12/01 09:03:16.679944,178.32,1,178.22,1
2003/12/01 09:03:16.833085,178.36,1,178.22,1
2003/12/01 09:03:17.004715,178.4,4,178.22,1
2003/12/01 09:03:17.147813,178.4,4,178.21,1
2003/12/01 09:03:17.934988,178.4,4,178.23,1
2003/12/01 09:03:19.045697,178.32,1,178.23,1
2003/12/01 09:03:24.209460,178.57,1,177.75,1
2003/12/01 09:03:27.772502,178.3,3,178.22,1
2003/12/01 09:03:31.116302,178.3,1,178.22,1
2003/12/01 09:03:31.116320,178.36,1,178.22,1
2003/12/01 09:03:36.953056,178.38,1,178.22,1
2003/12/01 09:04:00.092204,178.32,1,178.23,1
2003/12/01 09:04:04.827275,178.32,1,178.21,1
2003/12/01 09:04:24.871334,178.37,1,178.22,1
2003/12/01 09:04:28.457821,178.37,1,178.19,1
2003/12/01 09:04:28.457823,178.37,1,178.12,1
2003/12/01 09:04:28.457849,178.37,1,178.0,1
2003/12/01 09:04:28.457885,178.18,6,178.15,4
2003/12/01 09:04:28.457953,178.37,1,177.7,1
2003/12/01 09:04:28.457988,178.32,1,178.15,4
2003/12/01 09:04:28.458732,178.18,1,178.15,4
2003/12/01 09:04:28.458905,178.57,1,177.75,1
2003/12/01 09:04:28.459023,178.32,1,178.15,4
2003/12/01 09:04:28.459747,178.22,7,178.15,4
2003/12/01 09:04:28.461724,178.33,1,178.15,4
2003/12/01 09:04:28.516310,178.37,1,178.08,4
2003/12/01 09:04:29.055961,178.37,1,178.16,4
2003/12/01 09:04:29.624111,178.48,4,178.16,4
2003/12/01 09:04:29.625626,178.37,1,178.16,4
2003/12/01 09:04:30.270114,178.48,4,178.16,4
2003/12/01 09:04:30.271641,178.37,1,178.16,4
2003/12/01 09:04:30.464054,178.32,1,178.15,4
2003/12/01 09:04:31.006217,178.48,4,178.16,4
2003/12/01 09:04:31.007865,178.37,1,178.16,4
2003/12/01 09:04:32.862105,178.57,1,177.75,1
2003/12/01 09:04:32.897435,178.48,4,178.16,4
2003/12/01 09:04:32.898923,178.37,1,178.16,4
2003/12/01 09:04:33.688496,178.48,4,178.16,4
2003/12/01 09:04:33.689980,178.37,1,178.16,4
2003/12/01 09:04:34.112379,178.22,7,178.16,4
2003/12/01 09:04:34.112755,178.57,1,177.75,1
2003/12/01 09:04:34.112827,178.22,7,177.7,1
2003/12/01 09:04:34.167366,178.22,7,178.08,4
2003/12/01 09:04:41.227716,178.32,1,178.15,3
2003/12/01 09:04:43.875011,178.32,1,178.15,3
2003/12/01 09:04:43.986519,178.32,1,178.15,3
2003/12/01 09:04:44.220475,178.32,1,178.15,3
2003/12/01 09:04:44.414578,178.32,1,178.15,3
2003/12/01 09:04:44.577873,178.32,1,178.15,3
2003/12/01 09:04:45.666308,178.32,1,178.15,3
2003/12/01 09:04:46.009817,178.32,1,178.15,3
2003/12/01 09:04:47.113684,178.22,8,178.08,4
2003/12/01 09:04:47.314885,178.32,1,178.15,3
2003/12/01 09:04:47.767552,178.32,1,178.15,3
2003/12/01 09:04:47.903633,178.32,1,178.15,3
2003/12/01 09:04:47.909552,178.32,1,178.15,3
2003/12/01 09:04:48.250187,178.32,1,178.15,3
2003/12/01 09:04:48.489625,178.32,1,178.15,3
2003/12/01 09:04:48.951920,178.22,7,178.08,4
2003/12/01 09:04:49.313413,178.32,1,178.15,3
2003/12/01 09:04:49.602146,178.32,1,178.15,3
2003/12/01 09:04:49.775679,178.32,1,178.15,3
2003/12/01 09:04:50.021719,178.32,1,178.15,3
2003/12/01 09:04:50.179331,178.32,1,178.15,3
2003/12/01 09:04:50.782338,178.32,1,178.15,3
2003/12/01 09:04:51.121398,178.32,1,178.15,3
2003/12/01 09:04:51.258891,178.32,1,178.15,3
2003/12/01 09:04:51.379443,178.32,1,178.15,3
2003/12/01 09:04:52.085448,178.32,1,178.15,3
2003/12/01 09:04:52.319708,178.32,1,178.15,3
2003/12/01 09:04:52.683468,178.32,1,178.15,3
2003/12/01 09:04:52.806241,178.33,1,178.15,3
2003/12/01 09:04:53.396542,178.33,1,178.15,3
2003/12/01 09:04:53.437430,178.33,1,178.15,3
2003/12/01 09:04:53.486607,178.33,1,178.15,3
2003/12/01 09:04:53.489900,178.32,1,178.15,3
2003/12/01 09:04:53.653181,178.32,1,178.15,3
2003/12/01 09:04:53.720602,178.32,1,178.15,3
2003/12/01 09:04:53.780860,178.32,1,178.15,3
2003/12/01 09:04:54.050549,178.32,1,178.15,3
2003/12/01 09:04:54.177831,178.32,1,178.15,3
2003/12/01 09:04:54.240491,178.32,1,178.15,3
2003/12/01 09:04:54.264378,178.32,1,178.15,3
2003/12/01 09:04:54.327000,178.32,1,178.15,3
2003/12/01 09:04:54.742497,178.32,1,178.15,3
2003/12/01 09:04:56.126031,178.32,1,178.15,3
2003/12/01 09:04:56.351421,178.32,1,178.15,3
2003/12/01 09:04:56.695492,178.32,1,178.15,3
2003/12/01 09:04:57.332502,178.32,1,178.15,1
2003/12/01 09:04:57.493910,178.32,1,178.15,1
2003/12/01 09:04:57.820216,178.32,1,178.15,1
2003/12/01 09:04:58.284888,178.32,1,178.15,1
2003/12/01 09:04:58.835988,178.32,1,178.15,1
2003/12/01 09:04:59.613399,178.32,1,178.15,1
2003/12/01 09:05:00.705400,178.32,1,178.08,1
2003/12/01 09:05:01.317689,178.32,2,178.08,1
2003/12/01 09:05:01.320017,178.33,1,178.08,1
2003/12/01 09:05:02.289353,178.33,1,178.15,1
2003/12/01 09:05:02.337648,178.33,1,178.08,1
2003/12/01 09:05:03.323912,178.2,1,178.08,1
2003/12/01 09:05:04.692550,178.2,1,178.08,1
2003/12/01 09:05:04.748492,178.22,7,178.16,1
2003/12/01 09:05:04.748598,178.33,1,178.08,1
2003/12/01 09:05:04.748670,178.33,1,178.16,1
2003/12/01 09:05:04.749576,178.22,7,178.08,4
2003/12/01 09:05:04.752909,178.33,1,178.08,1
2003/12/01 09:05:04.756010,178.33,1,177.89,2
2003/12/01 09:05:04.997140,178.2,1,177.89,2
2003/12/01 09:05:15.625380,178.2,1,178.08,1
2003/12/01 09:05:16.648444,178.2,1,178.1,1
2003/12/01 09:05:40.203889,178.33,1,178.1,1
2003/12/01 09:05:42.206743,178.2,1,178.1,1
2003/12/01 09:05:42.552242,178.2,1,178.1,1
2003/12/01 09:05:42.855552,178.33,1,178.1,1
2003/12/01 09:05:44.858540,178.2,1,178.1,1
2003/12/01 09:05:53.923570,178.2,1,178.09,1
2003/12/01 09:05:57.601839,178.2,1,178.07,1
2003/12/01 09:05:57.602025,178.22,7,178.0,1
2003/12/01 09:05:57.656375,178.22,7,178.0,5
2003/12/01 09:05:57.972740,178.22,7,178.08,4
2003/12/01 09:05:58.056120,178.2,1,178.04,1
2003/12/01 09:05:58.056206,178.2,1,178.05,1
2003/12/01 09:05:58.808536,178.2,1,178.04,1
2003/12/01 09:05:58.808636,178.2,1,178.07,1
2003/12/01 09:06:01.152296,178.2,1,178.1,1
2003/12/01 09:06:03.257106,178.33,1,178.1,1
2003/12/01 09:06:04.001652,178.33,1,178.05,1
2003/12/01 09:06:05.260816,178.32,2,178.05,1
2003/12/01 09:06:07.243769,178.32,2,178.0,1
2003/12/01 09:06:07.243868,178.32,2,178.06,1
2003/12/01 09:06:07.306634,178.32,2,178.0,1
2003/12/01 09:06:08.780668,178.32,2,178.06,1
2003/12/01 09:06:08.816649,178.32,2,178.0,1
2003/12/01 09:06:11.460788,178.32,2,178.06,1
2003/12/01 09:06:14.941220,178.57,1,177.75,1
2003/12/01 09:06:17.978371,178.32,2,178.03,1
2003/12/01 09:06:20.014347,178.32,2,178.0,1
2003/12/01 09:06:20.014441,178.32,2,178.05,1
2003/12/01 09:06:23.147115,178.33,1,178.05,1
2003/12/01 09:06:25.290315,178.33,1,178.06,1
2003/12/01 09:06:27.142342,178.31,1,178.06,1
2003/12/01 09:06:27.320812,178.31,1,178.05,1
2003/12/01 09:06:27.795845,178.57,1,177.75,1
2003/12/01 09:06:29.264800,178.57,1,177.75,1
2003/12/01 09:06:37.082475,178.31,1,178.05,1
2003/12/01 09:06:37.718640,178.3,1,178.05,1
2003/12/01 09:06:42.737219,178.57,1,177.75,1
2003/12/01 09:06:43.979253,178.3,1,178.08,1
2003/12/01 09:06:52.915689,178.22,7,177.7,1
2003/12/01 09:06:52.915768,178.3,1,177.89,2
2003/12/01 09:06:52.971829,178.22,7,177.76,4
2003/12/01 09:06:53.177399,178.57,1,177.75,1
2003/12/01 09:06:53.547607,178.22,7,178.0,4
2003/12/01 09:06:53.713128,178.22,7,177.7,1
2003/12/01 09:06:53.715782,178.22,7,177.68,1
2003/12/01 09:06:53.715861,178.3,1,177.86,2
2003/12/01 09:06:53.715865,178.3,1,177.7,1
2003/12/01 09:06:53.717268,178.28,1,177.7,1
2003/12/01 09:06:53.772934,178.22,7,177.92,4
2003/12/01 09:06:54.439411,178.28,1,177.68,6
2003/12/01 09:06:55.258383,178.28,1,177.68,7
2003/12/01 09:06:56.162743,178.28,1,177.72,1
2003/12/01 09:06:57.785500,178.22,8,177.92,4
2003/12/01 09:06:57.785735,178.3,1,177.72,1
2003/12/01 09:06:57.785824,178.2,1,177.72,1
2003/12/01 09:06:57.894446,178.2,1,177.68,7
2003/12/01 09:06:57.894502,178.16,4,177.92,4
2003/12/01 09:07:00.378368,178.2,1,177.68,6
2003/12/01 09:07:00.378498,178.2,1,177.68,7
2003/12/01 09:07:00.379126,178.2,1,177.68,6
2003/12/01 09:07:01.123822,178.2,1,177.68,7
2003/12/01 09:07:02.410097,178.2,1,177.68,6
2003/12/01 09:07:02.410295,178.2,1,177.68,7
2003/12/01 09:07:02.694749,178.16,1,177.68,7
2003/12/01 09:07:08.296076,178.16,1,177.7,1
2003/12/01 09:07:09.487846,178.16,4,178.0,1
2003/12/01 09:07:10.929403,178.57,1,177.75,1
2003/12/01 09:07:16.373480,178.16,1,177.72,1
2003/12/01 09:07:16.655447,178.16,4,177.92,4
2003/12/01 09:07:16.655449,178.0,6,177.92,4
2003/12/01 09:07:16.655471,178.0,4,177.92,4
2003/12/01 09:07:16.655835,178.57,1,177.75,1
2003/12/01 09:07:16.655908,178.0,4,177.68,1
2003/12/01 09:07:16.656084,178.16,1,177.68,7
2003/12/01 09:07:16.656576,178.16,1,177.68,6
2003/12/01 09:07:16.682172,178.57,1,177.76,2
2003/12/01 09:07:16.709446,178.0,4,177.84,4
2003/12/01 09:07:16.724440,178.57,1,177.75,1
2003/12/01 09:07:16.725736,178.0,4,177.68,1
2003/12/01 09:07:16.725750,178.0,4,177.76,4
2003/12/01 09:07:16.754375,178.0,4,177.68,1
2003/12/01 09:07:16.804582,178.0,4,177.68,5
2003/12/01 09:07:17.459827,178.16,1,177.68,7
2003/12/01 09:07:17.719402,178.16,1,177.72,1
2003/12/01 09:07:17.782043,178.0,4,177.7,1
2003/12/01 09:07:17.890901,178.0,4,177.76,4
2003/12/01 09:07:20.028085,178.57,1,177.75,1
2003/12/01 09:07:20.097975,178.16,1,177.68,7
2003/12/01 09:07:20.098050,178.16,1,177.72,1
2003/12/01 09:07:21.022963,178.16,1,177.68,7
2003/12/01 09:07:21.023026,178.16,1,177.72,1
2003/12/01 09:07:22.105789,178.3,1,177.72,1
2003/12/01 09:07:22.168831,178.2,1,177.72,1
2003/12/01 09:07:26.775841,178.3,1,177.72,1
2003/12/01 09:07:26.775936,178.2,1,177.72,1
2003/12/01 09:07:31.606473,178.2,1,177.68,7
2003/12/01 09:07:32.364205,178.57,1,177.75,1
2003/12/01 09:07:32.675235,178.2,1,177.68,6
2003/12/01 09:07:32.675308,178.2,1,177.68,7
2003/12/01 09:07:32.785223,178.2,1,177.72,1
2003/12/01 09:07:35.428523,178.57,1,177.75,1
2003/12/01 09:07:37.476160,178.3,1,177.72,1
2003/12/01 09:07:37.476281,178.2,1,177.72,1
2003/12/01 09:07:37.756302,178.0,4,177.76,1
2003/12/01 09:07:37.820313,178.0,4,177.7,1
2003/12/01 09:07:37.824002,178.0,4,177.68,1
2003/12/01 09:07:37.824111,178.0,4,177.7,1
2003/12/01 09:07:37.824325,178.2,1,177.68,7
2003/12/01 09:07:37.824429,178.2,1,177.72,1
2003/12/01 09:07:37.848939,178.0,4,177.68,1
2003/12/01 09:07:37.849270,178.2,1,177.68,7
2003/12/01 09:07:37.909403,178.0,4,177.68,5
2003/12/01 09:07:37.928425,178.0,8,177.68,5
2003/12/01 09:07:38.092623,177.92,4,177.68,5
2003/12/01 09:07:38.101430,178.2,1,177.68,6
2003/12/01 09:07:38.164347,178.3,1,177.68,6
2003/12/01 09:07:38.164459,178.2,1,177.68,6
2003/12/01 09:07:38.862856,178.3,1,177.68,6
2003/12/01 09:07:39.238221,178.3,1,177.68,7
2003/12/01 09:07:41.116936,178.22,1,177.68,7
2003/12/01 09:07:41.941210,178.17,1,177.68,7
2003/12/01 09:07:43.121742,177.94,1,177.68,7
2003/12/01 09:07:49.519523,178.22,1,177.68,7
2003/12/01 09:07:50.030552,178.22,1,177.68,6
2003/12/01 09:07:50.778266,177.92,4,177.69,1
2003/12/01 09:07:50.778584,178.22,1,177.68,7
2003/12/01 09:07:51.413102,178.57,1,177.75,1
2003/12/01 09:07:52.110926,178.22,1,177.69,1
2003/12/01 09:07:56.946141,178.3,1,177.69,1
2003/12/01 09:07:57.412145,178.3,1,177.68,7
2003/12/01 09:07:58.508365,177.76,1,177.69,1
2003/12/01 09:07:58.508399,177.92,4,177.69,1
2003/12/01 09:07:58.578254,177.92,4,177.68,5
2003/12/01 09:07:58.578472,178.3,1,177.68,6
2003/12/01 09:07:58.617415,178.3,1,177.68,7
2003/12/01 09:07:58.736173,178.3,1,177.68,6
2003/12/01 09:07:59.291107,177.92,4,177.69,1
2003/12/01 09:07:59.291382,178.3,1,177.68,7
2003/12/01 09:07:59.855852,178.57,1,177.75,1
2003/12/01 09:08:01.673417,177.92,4,177.68,5
2003/12/01 09:08:01.673726,178.3,1,177.68,6
2003/12/01 09:08:04.556666,177.92,4,177.69,1
2003/12/01 09:08:04.556985,178.3,1,177.68,7
2003/12/01 09:08:05.409849,177.92,4,177.68,5
2003/12/01 09:08:05.410181,178.3,1,177.68,6
2003/12/01 09:08:15.010650,178.33,1,177.68,6
2003/12/01 09:08:15.010723,178.3,1,177.68,6
2003/12/01 09:08:16.579001,178.57,1,177.75,1
2003/12/01 09:08:26.188626,177.92,4,177.68,6
2003/12/01 09:08:26.189144,178.3,1,177.68,7
2003/12/01 09:08:29.295138,177.92,4,177.68,5
2003/12/01 09:08:29.296280,177.92,4,177.68,6
2003/12/01 09:08:30.199482,178.57,1,177.75,1
2003/12/01 09:08:31.314780,177.92,4,177.68,5
2003/12/01 09:08:31.380239,178.22,1,177.68,7
2003/12/01 09:08:31.380543,178.3,1,177.68,7
2003/12/01 09:08:31.948680,177.92,4,177.68,6
2003/12/01 09:08:39.150679,178.0,4,177.68,6
2003/12/01 09:08:39.154598,178.0,4,177.68,5
2003/12/01 09:08:39.154714,178.33,1,177.68,7
2003/12/01 09:08:39.154749,178.0,4,177.7,1
2003/12/01 09:08:39.154833,178.3,1,177.68,7
2003/12/01 09:08:39.154923,178.3,1,177.68,6
2003/12/01 09:08:39.155023,178.3,1,177.7,1
2003/12/01 09:08:39.155430,178.33,1,177.7,1
2003/12/01 09:08:39.210879,178.0,8,177.7,1
2003/12/01 09:08:39.263399,178.0,8,177.76,4
2003/12/01 09:08:40.474978,178.33,1,177.77,1
2003/12/01 09:08:40.538073,178.3,1,177.77,1
2003/12/01 09:08:41.427080,178.0,4,177.76,4
2003/12/01 09:08:42.635894,178.06,1,177.77,1
2003/12/01 09:08:44.255982,178.06,2,177.77,1
2003/12/01 09:08:44.256045,178.06,1,177.77,1
2003/12/01 09:08:48.232685,178.0,4,177.68,1
2003/12/01 09:08:48.449529,178.0,4,177.7,1
2003/12/01 09:08:48.505266,178.06,1,177.68,6
2003/12/01 09:08:48.649149,178.0,4,177.76,4
2003/12/01 09:08:49.218679,178.0,4,177.76,5
2003/12/01 09:08:49.219117,178.06,1,177.7,1
2003/12/01 09:08:49.464706,178.06,2,177.7,1
2003/12/01 09:08:49.938181,178.06,2,177.77,1
2003/12/01 09:08:50.651924,178.3,1,177.77,1
2003/12/01 09:08:51.164797,178.33,1,177.77,1
2003/12/01 09:08:51.164902,178.3,1,177.77,1
2003/12/01 09:08:51.165644,178.33,1,177.77,1
2003/12/01 09:08:52.156288,178.57,1,177.75,1
2003/12/01 09:08:52.741068,178.33,1,177.7,1
2003/12/01 09:08:53.040679,178.33,1,177.78,1
2003/12/01 09:08:54.549774,178.0,4,177.76,4
2003/12/01 09:08:54.549887,178.0,4,177.79,1
2003/12/01 09:08:54.942187,178.3,1,177.78,1
2003/12/01 09:08:55.184819,178.0,4,177.76,4
2003/12/01 09:08:56.884082,178.33,1,177.78,1
2003/12/01 09:08:59.513149,178.3,1,177.78,1
2003/12/01 09:08:59.575830,178.0,4,177.77,1
2003/12/01 09:08:59.621414,178.0,4,177.92,5
2003/12/01 09:08:59.743869,178.33,1,177.78,1
2003/12/01 09:09:06.490339,178.08,4,177.92,5
2003/12/01 09:09:06.490662,178.57,1,177.75,1
2003/12/01 09:09:06.490726,178.49,1,177.92,5
2003/12/01 09:09:06.545695,178.16,4,177.92,5
2003/12/01 09:09:06.700617,178.49,1,177.92,5
2003/12/01 09:09:06.700629,178.32,4,177.92,5
2003/12/01 09:09:06.940649,178.32,1,177.78,1
2003/12/01 09:09:07.324094,178.33,1,177.78,1
2003/12/01 09:09:07.786215,178.32,4,177.92,9
2003/12/01 09:09:07.809687,178.32,4,177.92,5
2003/12/01 09:09:09.894139,178.32,4,177.92,9
2003/12/01 09:09:09.894153,178.16,4,177.92,9
2003/12/01 09:09:10.597580,178.33,1,177.78,1
2003/12/01 09:09:11.456610,178.16,4,177.92,5
2003/12/01 09:09:12.312687,178.15,1,177.78,1
2003/12/01 09:09:18.555816,178.57,1,177.75,1
2003/12/01 09:09:21.260823,178.33,1,177.78,1
2003/12/01 09:09:22.419208,178.16,4,177.92,9
2003/12/01 09:09:23.263537,178.32,2,177.78,1
2003/12/01 09:09:23.452471,178.49,1,177.92,9
2003/12/01 09:09:23.452484,178.32,4,177.92,9
2003/12/01 09:09:23.563769,178.32,2,177.92,1
2003/12/01 09:09:24.451922,178.24,4,177.92,9
2003/12/01 09:09:24.460114,178.32,2,177.78,1
2003/12/01 09:09:25.457899,178.49,1,177.92,9
2003/12/01 09:09:25.457923,178.32,4,177.92,9
2003/12/01 09:09:25.785518,178.32,2,177.92,1
2003/12/01 09:09:29.980306,178.24,4,177.92,9
2003/12/01 09:09:31.796828,178.24,4,177.93,1
2003/12/01 09:09:31.876517,178.33,1,177.92,1
2003/12/01 09:09:36.117867,178.57,1,177.75,1
2003/12/01 09:09:37.472048,178.33,1,177.78,1
2003/12/01 09:09:37.920062,178.19,1,177.78,1
2003/12/01 09:09:40.007186,178.19,1,177.9,1
2003/12/01 09:09:41.757396,178.19,1,177.78,1
2003/12/01 09:09:41.757488,178.19,1,177.91,1
2003/12/01 09:09:44.302918,178.19,1,177.78,1
2003/12/01 09:09:44.303055,178.19,1,177.93,1
2003/12/01 09:09:45.303462,178.19,1,177.78,1
2003/12/01 09:09:47.114819,178.24,4,177.93,2
2003/12/01 09:09:48.701231,178.29,1,177.78,1
2003/12/01 09:09:49.717689,178.29,1,177.91,1
2003/12/01 09:09:50.743603,178.21,1,177.91,1
2003/12/01 09:09:51.025928,178.21,1,177.94,1
2003/12/01 09:09:53.296281,178.29,1,177.94,1
2003/12/01 09:09:54.886207,178.29,1,177.94,2
2003/12/01 09:09:55.159891,178.29,1,177.94,1
2003/12/01 09:09:55.268700,178.29,1,177.78,1
2003/12/01 09:09:55.337872,178.21,1,177.78,1
2003/12/01 09:09:57.063119,178.57,1,177.75,1
2003/12/01 09:09:57.874907,178.49,1,177.93,2
2003/12/01 09:09:57.874922,178.32,4,177.93,2
2003/12/01 09:09:58.874764,178.29,1,177.78,1
2003/12/01 09:09:58.990525,178.29,1,177.94,1
2003/12/01 09:09:59.513204,178.29,1,177.96,1
2003/12/01 09:09:59.684540,178.24,4,177.93,2
2003/12/01 09:10:00.124926,178.29,1,177.94,1
2003/12/01 09:10:00.235487,178.24,4,178.0,2
2003/12/01 09:10:00.877769,178.28,2,177.94,1
2003/12/01 09:10:01.146430,178.57,1,177.75,1
2003/12/01 09:10:01.252744,178.28,2,177.78,1
2003/12/01 09:10:04.804795,178.28,2,177.93,1
2003/12/01 09:10:07.348243,178.28,1,177.93,1
2003/12/01 09:10:07.348317,178.28,2,177.93,1
2003/12/01 09:10:07.350172,178.29,1,177.93,1
2003/12/01 09:10:07.971164,178.24,4,177.93,2
2003/12/01 09:10:09.353793,178.22,1,177.93,1
2003/12/01 09:10:09.853328,178.22,1,177.98,1
2003/12/01 09:10:10.397427,178.1,1,177.93,2
2003/12/01 09:10:11.125036,178.22,2,177.93,1
2003/12/01 09:10:11.150712,178.22,1,177.93,1
2003/12/01 09:10:14.084367,178.22,2,177.93,1
2003/12/01 09:10:15.086652,178.22,2,177.88,1
2003/12/01 09:10:15.086792,178.22,2,177.94,1
2003/12/01 09:10:15.186402,178.22,1,177.94,1
2003/12/01 09:10:17.188134,178.29,1,177.94,1
2003/12/01 09:10:17.295342,178.29,1,177.88,1
2003/12/01 09:10:17.295390,178.1,1,177.93,1
2003/12/01 09:10:17.295425,178.1,1,177.92,5
2003/12/01 09:10:17.295444,178.1,1,177.88,1
2003/12/01 09:10:17.295470,178.1,1,177.76,1
2003/12/01 09:10:17.295478,177.9,10,177.78,1
2003/12/01 09:10:17.295480,177.9,9,177.78,1
2003/12/01 09:10:17.295831,177.9,10,177.78,1
2003/12/01 09:10:17.295916,177.9,9,177.78,1
2003/12/01 09:10:17.349515,178.1,1,177.84,4
2003/12/01 09:10:17.349601,177.9,7,177.78,1
2003/12/01 09:10:17.375957,178.1,1,177.76,1
2003/12/01 09:10:17.413662,178.1,1,177.7,1
2003/12/01 09:10:17.428508,178.57,1,177.75,1
2003/12/01 09:10:17.483464,178.1,1,177.76,4
2003/12/01 09:10:17.493668,178.08,4,177.76,4
2003/12/01 09:10:17.605502,178.1,1,177.76,4
2003/12/01 09:10:17.977737,178.08,4,177.76,4
2003/12/01 09:10:19.191649,177.89,1,177.78,1
2003/12/01 09:10:19.363363,178.0,4,177.76,4
2003/12/01 09:10:19.956706,177.89,1,177.78,1
2003/12/01 09:10:20.260646,178.29,1,177.78,1
2003/12/01 09:10:20.333888,178.1,1,177.76,4
2003/12/01 09:10:20.396643,178.08,4,177.76,4
2003/12/01 09:10:22.264181,178.28,1,177.78,1
2003/12/01 09:10:26.093880,178.28,2,177.78,1
2003/12/01 09:10:26.096034,178.29,1,177.78,1
2003/12/01 09:10:28.139683,178.07,1,177.78,1
2003/12/01 09:10:31.449767,178.08,4,177.76,5
2003/12/01 09:10:32.430577,178.29,1,177.78,1
2003/12/01 09:10:33.923591,178.29,1,177.8,1
2003/12/01 09:10:34.434223,178.28,1,177.8,1
2003/12/01 09:10:34.496984,178.08,4,177.76,4
2003/12/01 09:10:34.497312,178.28,2,177.8,1
2003/12/01 09:10:36.433844,178.29,1,177.8,1
2003/12/01 09:10:38.437452,178.08,1,177.8,1
2003/12/01 09:10:39.223580,178.08,4,177.76,5
2003/12/01 09:10:40.984756,178.08,4,177.81,5
2003/12/01 09:10:41.225632,178.29,1,177.8,1
2003/12/01 09:10:43.228764,178.28,1,177.8,1
2003/12/01 09:10:44.222049,178.08,4,177.81,6
2003/12/01 09:10:44.347897,178.28,2,177.8,1
2003/12/01 09:10:45.537362,178.08,4,177.84,1
2003/12/01 09:10:45.537398,178.08,4,177.81,6
2003/12/01 09:10:48.229172,178.29,1,177.8,1
2003/12/01 09:10:49.052286,178.1,1,177.81,6
2003/12/01 09:10:49.944617,178.1,1,177.83,1
2003/12/01 09:10:50.245728,178.57,1,177.75,1
2003/12/01 09:10:50.245855,178.57,1,177.75,1
2003/12/01 09:10:50.496855,178.1,1,177.81,6
2003/12/01 09:10:54.191454,178.1,1,177.84,1
2003/12/01 09:10:54.229683,178.1,1,177.84,5
2003/12/01 09:10:54.320618,178.1,1,177.84,4
2003/12/01 09:10:55.495326,178.1,1,177.84,5
2003/12/01 09:10:56.272359,178.29,1,177.98,1
2003/12/01 09:10:57.738459,178.1,1,177.84,4
2003/12/01 09:10:57.738863,178.29,1,177.8,1
2003/12/01 09:10:58.197872,178.28,1,177.8,1
2003/12/01 09:10:58.894519,178.28,1,177.85,1
2003/12/01 09:10:59.249664,178.1,1,177.84,5
2003/12/01 09:10:59.513096,178.28,1,177.86,1
2003/12/01 09:10:59.513136,178.28,2,177.86,1
2003/12/01 09:11:01.177629,178.28,2,177.8,1
2003/12/01 09:11:01.181267,178.28,2,177.86,1
2003/12/01 09:11:01.499280,178.1,1,177.84,4
2003/12/01 09:11:01.499595,178.28,2,177.85,1
2003/12/01 09:11:01.515181,178.29,1,177.85,1
2003/12/01 09:11:04.697687,178.29,1,177.8,1
2003/12/01 09:11:04.701382,178.29,1,177.85,1
2003/12/01 09:11:04.760402,178.1,1,177.84,5
2003/12/01 09:11:04.760694,178.29,1,177.86,1
2003/12/01 09:11:04.767189,178.1,1,177.84,4
2003/12/01 09:11:04.767523,178.29,1,177.85,1
2003/12/01 09:11:06.916521,178.1,1,177.84,5
2003/12/01 09:11:09.147550,178.29,1,177.9,1
2003/12/01 09:11:09.241391,178.1,1,177.9,1
2003/12/01 09:11:10.521483,178.17,1,177.9,1
2003/12/01 09:11:16.064132,178.17,1,177.86,1
2003/12/01 09:11:19.166324,178.17,1,177.99,1
2003/12/01 09:11:21.442020,178.17,1,177.84,1
2003/12/01 09:11:21.445697,178.17,1,177.99,1
2003/12/01 09:11:23.515661,178.29,1,177.99,1
2003/12/01 09:11:28.920418,178.1,2,177.9,1
2003/12/01 09:11:35.678791,178.1,2,177.92,4
2003/12/01 09:11:37.625414,178.29,1,177.89,1
2003/12/01 09:11:42.210050,178.29,1,177.8,2
2003/12/01 09:11:42.210135,178.29,1,177.86,1
2003/12/01 09:11:44.638382,178.29,1,177.8,2
2003/12/01 09:11:44.638432,178.29,1,177.89,1
2003/12/01 09:11:49.607753,178.29,1,177.8,2
2003/12/01 09:11:49.607863,178.29,1,177.85,1
2003/12/01 09:11:51.696493,178.19,1,177.85,1
2003/12/01 09:11:52.727043,178.19,1,177.92,1
2003/12/01 09:11:54.939150,178.29,1,177.92,1
2003/12/01 09:12:09.109810,178.1,2,178.0,1
2003/12/01 09:12:15.510705,178.29,1,177.93,1
2003/12/01 09:12:18.049169,178.29,1,177.98,1
2003/12/01 09:12:18.254070,178.29,1,177.93,1
2003/12/01 09:12:20.312045,178.28,2,177.93,1
2003/12/01 09:12:20.891280,178.28,1,177.93,1
2003/12/01 09:12:20.891408,178.28,2,177.93,1
2003/12/01 09:12:21.921041,178.28,2,177.98,1
2003/12/01 09:12:24.631358,178.57,1,177.75,1
2003/12/01 09:12:24.631495,178.57,1,177.75,1
2003/12/01 09:12:25.312295,178.29,1,177.98,1
2003/12/01 09:12:26.757997,178.29,1,177.99,1
2003/12/01 09:12:27.315631,178.28,2,177.99,1
2003/12/01 09:12:38.685089,178.28,2,178.0,1
2003/12/01 09:12:39.705794,178.1,2,178.05,1
2003/12/01 09:12:39.705907,178.1,2,178.0,1
2003/12/01 09:12:41.172771,178.28,1,178.0,1
2003/12/01 09:12:41.172829,178.28,2,178.0,1
2003/12/01 09:12:42.147103,178.28,1,178.0,1
2003/12/01 09:12:42.147191,178.28,2,178.0,1
2003/12/01 09:12:48.929841,178.1,1,178.0,1
2003/12/01 09:12:54.075920,178.28,1,178.0,1
2003/12/01 09:12:54.076012,178.28,2,178.0,1
2003/12/01 09:12:56.739840,178.28,2,177.99,1
2003/12/01 09:12:59.588015,178.18,1,177.99,1
2003/12/01 09:13:01.424378,178.16,4,178.0,1
2003/12/01 09:13:03.594492,178.08,1,177.99,1
2003/12/01 09:13:15.445544,178.08,1,177.99,1
2003/12/01 09:13:15.749147,178.16,1,177.99,1
2003/12/01 09:13:17.752384,178.08,1,177.99,1
2003/12/01 09:13:21.767118,178.09,1,177.99,1
2003/12/01 09:13:22.070774,178.16,1,177.99,1
2003/12/01 09:13:24.073709,178.08,1,177.99,1
2003/12/01 09:13:34.295289,178.57,1,177.75,1
2003/12/01 09:13:53.260847,178.08,1,177.99,1
2003/12/01 09:13:53.565700,178.15,1,177.99,1
2003/12/01 09:13:53.635830,178.2,1,177.99,1
2003/12/01 09:13:54.888093,178.57,1,177.75,1
2003/12/01 09:13:55.085132,178.17,1,177.99,1
2003/12/01 09:13:55.569040,178.08,1,177.99,1
2003/12/01 09:14:00.161430,178.08,1,178.0,1
2003/12/01 09:14:02.498758,178.49,1,178.0,1
2003/12/01 09:14:02.498772,178.4,4,178.0,1
2003/12/01 09:14:02.726214,178.57,1,177.75,1
2003/12/01 09:14:03.653264,178.32,4,178.0,1
2003/12/01 09:14:05.267388,178.49,1,178.0,1
2003/12/01 09:14:05.267403,178.48,4,178.0,1
2003/12/01 09:14:05.694329,178.32,4,178.0,1
2003/12/01 09:14:05.934142,178.16,4,178.0,1
2003/12/01 09:14:09.802631,178.08,1,177.98,1
2003/12/01 09:14:12.907591,178.08,1,178.0,1
2003/12/01 09:14:14.943627,178.57,1,178.0,1
2003/12/01 09:14:14.943652,178.16,4,178.0,2
2003/12/01 09:14:14.943966,178.08,1,178.0,2
2003/12/01 09:14:29.441820,178.09,1,178.0,2
2003/12/01 09:14:29.442260,178.19,1,178.0,2
2003/12/01 09:14:29.666510,178.19,1,178.0,2
2003/12/01 09:14:30.949770,178.2,1,178.0,2
2003/12/01 09:14:31.445234,178.08,1,178.0,2
2003/12/01 09:14:31.568690,178.08,1,178.0,2
2003/12/01 09:14:31.872074,178.2,1,178.0,2
2003/12/01 09:14:33.609466,178.2,1,178.0,1
2003/12/01 09:14:33.877398,178.08,1,178.0,1
2003/12/01 09:14:35.097109,178.16,4,178.05,1
2003/12/01 09:14:35.097225,178.16,4,178.0,2
2003/12/01 09:14:37.676320,178.16,4,178.0,3
2003/12/01 09:14:38.955493,178.49,1,178.0,3
2003/12/01 09:14:38.955568,178.19,1,178.0,1
2003/12/01 09:14:38.955650,178.19,1,178.06,1
2003/12/01 09:14:38.956064,178.29,1,178.06,1
2003/12/01 09:14:38.959836,178.29,1,178.0,1
2003/12/01 09:14:39.014803,178.24,4,178.0,3
2003/12/01 09:14:39.034264,178.49,1,178.0,3
2003/12/01 09:14:39.034280,178.32,4,178.0,3
2003/12/01 09:14:39.258962,178.28,1,178.0,1
2003/12/01 09:14:40.364382,178.28,2,178.0,1
2003/12/01 09:14:40.463717,178.32,4,178.0,7
2003/12/01 09:14:40.473725,178.24,4,178.0,7
2003/12/01 09:14:40.542761,178.24,4,178.0,6
2003/12/01 09:14:40.544046,178.24,4,178.01,1
2003/12/01 09:14:43.137263,178.28,2,178.0,2
2003/12/01 09:14:43.979004,178.28,2,178.0,2
2003/12/01 09:14:44.258206,178.29,1,178.0,2
2003/12/01 09:14:46.261157,178.24,1,178.0,2
2003/12/01 09:14:47.812895,178.24,2,178.0,2
2003/12/01 09:14:50.459417,178.24,1,178.0,2
2003/12/01 09:14:52.460961,178.29,1,178.0,2
2003/12/01 09:14:52.552250,178.24,4,178.02,1
2003/12/01 09:14:54.503250,178.26,1,178.0,2
2003/12/01 09:14:55.513174,178.26,2,178.0,2
2003/12/01 09:14:57.185746,178.24,4,178.07,1
2003/12/01 09:14:59.503464,178.29,1,178.0,2
2003/12/01 09:15:01.517387,178.28,2,178.0,2
2003/12/01 09:15:01.923343,178.28,2,178.0,1
2003/12/01 09:15:01.924940,178.28,2,178.0,2
2003/12/01 09:15:04.240062,178.24,4,178.05,1
2003/12/01 09:15:04.977809,178.28,2,178.07,1
2003/12/01 09:15:05.542750,178.28,1,178.07,1
2003/12/01 09:15:05.542848,178.28,2,178.07,1
2003/12/01 09:15:06.506717,178.29,1,178.07,1
2003/12/01 09:15:08.549501,178.22,1,178.07,1
2003/12/01 09:15:10.886709,178.57,1,178.0,1
2003/12/01 09:15:13.729584,178.57,1,178.0,1
2003/12/01 09:15:15.970543,178.57,1,178.0,1
2003/12/01 09:15:18.667338,178.57,1,178.0,1
2003/12/01 09:15:21.412925,178.57,1,178.0,1
2003/12/01 09:15:22.850481,178.22,1,178.0,2
2003/12/01 09:15:22.851804,178.22,1,178.07,1
2003/12/01 09:15:24.458998,178.22,1,178.0,2
2003/12/01 09:15:26.558833,178.22,1,178.0,2
2003/12/01 09:15:27.382611,178.22,1,178.05,1
2003/12/01 09:15:28.042124,178.24,4,178.01,1
2003/12/01 09:15:28.042183,178.05,10,178.0,1
2003/12/01 09:15:28.042295,178.57,1,178.0,1
2003/12/01 09:15:28.042311,178.57,1,178.0,1
2003/12/01 09:15:28.043275,178.57,1,178.0,1
2003/12/01 09:15:30.047616,178.04,1,178.0,1
2003/12/01 09:15:34.798328,178.04,1,178.0,1
2003/12/01 09:15:35.101647,178.05,10,178.0,1
2003/12/01 09:15:35.189604,178.24,4,178.0,1
2003/12/01 09:15:35.189647,178.24,4,178.01,1
2003/12/01 09:15:35.189653,178.0,10,177.76,1
2003/12/01 09:15:35.189714,178.24,4,178.0,1
2003/12/01 09:15:35.189756,178.24,4,178.01,1
2003/12/01 09:15:35.189795,178.24,4,178.0,1
2003/12/01 09:15:35.189841,178.57,1,178.0,1
2003/12/01 09:15:35.189850,178.57,1,178.0,1
2003/12/01 09:15:35.189851,178.24,4,177.97,1
2003/12/01 09:15:35.190009,178.24,4,177.9,1
2003/12/01 09:15:35.190119,178.57,1,177.75,1
2003/12/01 09:15:35.190224,178.0,10,177.75,1
2003/12/01 09:15:35.190528,178.0,7,177.75,1
2003/12/01 09:15:35.190787,178.29,1,177.75,1
2003/12/01 09:15:35.191057,178.24,4,177.97,1
2003/12/01 09:15:35.191350,178.0,2,177.75,1
2003/12/01 09:15:35.191411,178.24,4,177.9,1
2003/12/01 09:15:35.192279,178.0,1,177.75,1
2003/12/01 09:15:35.247245,178.24,4,177.92,4
2003/12/01 09:15:35.257498,178.0,1,177.72,1
2003/12/01 09:15:35.257549,178.0,1,177.75,1
2003/12/01 09:15:35.261454,178.0,1,177.72,1
2003/12/01 09:15:35.560641,178.24,4,178.0,4
2003/12/01 09:15:35.560751,178.24,4,178.0,2
2003/12/01 09:15:35.940276,178.0,1,177.75,1
2003/12/01 09:15:36.437142,178.0,1,177.72,1
2003/12/01 09:15:36.474642,178.29,1,177.72,1
2003/12/01 09:15:40.688452,178.29,1,177.8,1
2003/12/01 09:15:40.751469,178.29,1,177.85,1
2003/12/01 09:15:40.854629,178.23,1,177.85,1
2003/12/01 09:15:40.854711,178.29,1,177.85,1
2003/12/01 09:15:41.434750,178.29,1,177.91,1
2003/12/01 09:15:41.620544,178.29,1,177.98,1
2003/12/01 09:15:43.331258,178.24,4,178.12,1
2003/12/01 09:15:43.331683,178.24,4,178.0,2
2003/12/01 09:15:44.107636,178.14,1,177.98,1
2003/12/01 09:15:44.455940,178.14,1,178.0,1
2003/12/01 09:15:49.089758,178.14,1,178.01,1
2003/12/01 09:15:49.162100,178.16,4,178.0,2
2003/12/01 09:15:51.452868,178.14,1,178.0,1
2003/12/01 09:15:56.796545,178.57,1,177.75,1
2003/12/01 09:16:00.526876,178.14,1,177.91,1
2003/12/01 09:16:00.533628,178.14,1,177.91,1
2003/12/01 09:16:00.682014,178.14,1,177.85,1
2003/12/01 09:16:00.682153,178.14,1,177.93,1
2003/12/01 09:16:00.837369,178.29,1,177.93,1
2003/12/01 09:16:01.697508,178.23,1,177.93,1
2003/12/01 09:16:02.840892,178.14,1,177.93,1
2003/12/01 09:16:03.149484,178.14,1,177.85,1
2003/12/01 09:16:03.149562,178.14,1,177.91,1
2003/12/01 09:16:03.331395,178.14,1,177.95,1
2003/12/01 09:16:03.428625,178.14,1,177.91,1
2003/12/01 09:16:03.428813,178.16,4,177.9,1
2003/12/01 09:16:03.483094,178.16,4,177.92,4
2003/12/01 09:16:03.499919,178.14,1,177.85,1
2003/12/01 09:16:03.609578,178.14,1,177.89,1
2003/12/01 09:16:03.738727,178.16,4,178.0,4
2003/12/01 09:16:03.939559,178.14,1,177.93,1
2003/12/01 09:16:04.438234,178.14,1,177.89,1
2003/12/01 09:16:05.628383,178.23,1,177.89,1
2003/12/01 09:16:05.691367,178.23,1,177.85,1
2003/12/01 09:16:05.691430,178.23,1,177.92,1
2003/12/01 09:16:07.631838,178.16,1,177.92,1
2003/12/01 09:16:13.733742,178.16,1,178.09,7
2003/12/01 09:16:15.359172,178.16,4,178.01,1
2003/12/01 09:16:17.461492,178.57,1,177.75,2
2003/12/01 09:16:17.622731,178.57,1,177.75,2
2003/12/01 09:16:18.644136,178.16,1,178.0,1
2003/12/01 09:16:18.644258,178.57,1,177.75,2
2003/12/01 09:16:18.644446,178.16,1,177.94,1
2003/12/01 09:16:18.714330,178.16,1,177.85,1
2003/12/01 09:16:18.714443,178.16,1,177.91,1
2003/12/01 09:16:21.088605,178.16,1,177.85,1
2003/12/01 09:16:21.088708,178.16,1,177.92,1
2003/12/01 09:16:21.637650,178.16,1,177.85,1
2003/12/01 09:16:23.291874,178.16,1,178.01,1
2003/12/01 09:16:24.328322,178.57,1,177.75,2
2003/12/01 09:16:31.294092,178.22,1,178.01,1
2003/12/01 09:16:33.297012,178.08,1,178.01,1
2003/12/01 09:16:35.963825,178.57,1,177.75,1
2003/12/01 09:16:35.987157,178.16,4,178.0,4
2003/12/01 09:16:35.987471,178.16,4,177.92,1
2003/12/01 09:16:35.987563,178.08,1,177.92,1
2003/12/01 09:16:36.045212,178.16,4,177.92,5
2003/12/01 09:16:36.063055,178.16,4,177.92,4
2003/12/01 09:16:36.063295,178.08,1,177.85,1
2003/12/01 09:16:36.063384,178.08,1,177.89,1
2003/12/01 09:16:39.039181,178.16,4,178.0,4
2003/12/01 09:16:41.138248,178.08,1,177.85,1
2003/12/01 09:16:41.138296,178.08,1,177.92,1
2003/12/01 09:16:47.266027,178.16,4,177.92,1
2003/12/01 09:16:47.320169,178.16,4,177.92,5
2003/12/01 09:16:47.636538,178.16,4,178.0,4
2003/12/01 09:16:49.505628,178.08,1,177.97,1
2003/12/01 09:16:51.369512,178.08,1,178.0,1
2003/12/01 09:16:51.450481,178.08,1,178.0,1
2003/12/01 09:16:51.753703,178.22,1,178.0,1
2003/12/01 09:16:51.881785,178.57,1,177.75,1
2003/12/01 09:16:52.536393,178.57,1,177.75,2
2003/12/01 09:16:53.180017,178.16,1,178.0,1
2003/12/01 09:16:53.180058,178.22,1,178.0,1
2003/12/01 09:16:53.262164,178.23,1,178.0,1
2003/12/01 09:16:53.795739,178.08,1,178.0,1
2003/12/01 09:17:00.653548,178.57,1,177.75,2
2003/12/01 09:17:01.000262,178.08,1,178.0,1
2003/12/01 09:17:01.304016,178.22,1,178.0,1
2003/12/01 09:17:03.307715,178.08,1,178.0,1
2003/12/01 09:17:03.611603,178.22,1,178.0,1
2003/12/01 09:17:05.061332,178.16,4,178.0,5
2003/12/01 09:17:05.616144,178.08,1,178.0,1
2003/12/01 09:17:06.012288,178.57,1,177.75,2
2003/12/01 09:17:09.125950,178.22,1,178.0,1
2003/12/01 09:17:09.689861,178.16,4,178.01,2
2003/12/01 09:17:14.451132,178.16,4,178.01,1
2003/12/01 09:17:14.451153,178.06,1,178.0,1
2003/12/01 09:17:33.646448,178.57,1,177.75,2
2003/12/01 09:17:34.415924,178.57,1,177.75,2
2003/12/01 09:17:34.771108,178.06,1,177.98,1
2003/12/01 09:17:34.781175,178.16,4,177.91,1
2003/12/01 09:17:34.781311,178.57,1,177.75,1
2003/12/01 09:17:34.781320,178.57,1,177.75,1
2003/12/01 09:17:34.782020,178.16,4,177.9,1
2003/12/01 09:17:34.782423,178.06,1,177.93,1
2003/12/01 09:17:34.837466,178.16,4,177.92,4
2003/12/01 09:17:35.202992,178.16,4,177.92,3
2003/12/01 09:17:35.203324,178.16,4,177.9,1
2003/12/01 09:17:35.203404,178.06,1,177.72,1
2003/12/01 09:17:35.280213,178.16,4,177.84,1
2003/12/01 09:17:35.339361,178.57,1,177.75,1
2003/12/01 09:17:35.339451,178.16,4,177.81,6
2003/12/01 09:17:37.179411,178.16,4,177.82,1
2003/12/01 09:17:40.178883,178.08,4,177.82,1
2003/12/01 09:17:40.786798,178.08,4,177.84,4
2003/12/01 09:17:44.042738,178.05,1,177.72,1
2003/12/01 09:17:45.832045,178.57,1,177.75,1
2003/12/01 09:17:46.894030,178.04,1,177.72,1
2003/12/01 09:17:48.275883,178.08,4,177.81,6
2003/12/01 09:17:48.901377,178.08,4,177.81,5
2003/12/01 09:17:48.971989,178.04,1,177.68,7
2003/12/01 09:17:50.941969,178.04,1,177.72,1
2003/12/01 09:17:51.562911,178.04,1,177.82,1
2003/12/01 09:17:57.889237,178.33,2,177.82,1
2003/12/01 09:17:58.744426,178.33,1,177.82,1
2003/12/01 09:17:58.744523,178.33,2,177.82,1
2003/12/01 09:18:01.089421,178.57,1,177.75,1
2003/12/01 09:18:02.392710,178.23,1,177.82,1
2003/12/01 09:18:05.201823,178.23,1,177.72,1
2003/12/01 09:18:05.274222,178.33,1,177.72,1
2003/12/01 09:18:05.274286,178.33,2,177.72,1
2003/12/01 09:18:05.274326,178.33,2,177.68,7
2003/12/01 09:18:05.274658,178.33,2,177.71,1
2003/12/01 09:18:05.278368,178.33,1,177.71,1
2003/12/01 09:18:05.885548,178.33,1,177.68,7
2003/12/01 09:18:05.885639,178.23,1,177.68,7
2003/12/01 09:18:05.885678,178.23,1,177.72,1
2003/12/01 09:18:05.896540,178.33,1,177.72,1
2003/12/01 09:18:07.101501,178.33,1,177.68,7
2003/12/01 09:18:07.101573,178.33,1,177.72,1
2003/12/01 09:18:07.547259,178.08,4,177.81,4
2003/12/01 09:18:09.979241,178.08,4,177.85,1
2003/12/01 09:18:10.295355,178.0,2,177.72,1
2003/12/01 09:18:11.003700,178.0,2,177.72,1
2003/12/01 09:18:12.038519,178.23,1,177.72,1
2003/12/01 09:18:12.337442,178.02,1,177.72,1
2003/12/01 09:18:17.324572,178.08,4,177.86,4
2003/12/01 09:18:17.515253,178.33,2,177.72,1
2003/12/01 09:18:21.583018,178.08,4,177.86,3
2003/12/01 09:18:23.443221,178.08,3,177.72,1
2003/12/01 09:18:25.393193,178.08,3,177.87,3
2003/12/01 09:18:26.525274,178.07,1,177.87,3
2003/12/01 09:18:30.287679,178.07,1,177.72,1
2003/12/01 09:18:31.040989,178.07,1,177.91,3
2003/12/01 09:18:36.532154,178.07,1,177.72,1
2003/12/01 09:18:36.642003,178.07,1,177.68,7
2003/12/01 09:18:36.642071,178.08,4,177.86,1
2003/12/01 09:18:37.587444,178.07,1,177.72,1
2003/12/01 09:18:38.170680,178.07,1,177.81,1
2003/12/01 09:18:39.590495,178.33,2,177.81,1
2003/12/01 09:18:40.869982,178.08,4,177.86,2
2003/12/01 09:18:41.390922,178.07,3,177.81,1
2003/12/01 09:18:41.593667,178.06,1,177.81,1
2003/12/01 09:18:48.122865,178.57,1,177.75,1
2003/12/01 09:18:50.046175,178.05,3,177.81,1
2003/12/01 09:18:53.332124,178.01,1,177.81,1
2003/12/01 09:18:53.459014,178.08,4,177.86,1
2003/12/01 09:18:56.047221,178.08,4,177.86,2
2003/12/01 09:18:56.047255,178.08,4,177.86,1
2003/12/01 09:19:03.161077,178.57,1,177.75,1
2003/12/01 09:19:04.835689,178.57,1,177.75,1
2003/12/01 09:19:04.835824,178.57,1,177.75,1
2003/12/01 09:19:06.914650,178.05,3,177.81,1
2003/12/01 09:19:07.814310,178.23,1,177.81,1
2003/12/01 09:19:08.415806,178.08,4,177.86,2
2003/12/01 09:19:08.917478,178.06,1,177.81,1
2003/12/01 09:19:10.597195,178.05,3,177.81,1
2003/12/01 09:19:14.866619,178.05,3,177.72,1
2003/12/01 09:19:15.921493,178.04,1,177.72,1
2003/12/01 09:19:21.689604,178.23,1,177.72,1
2003/12/01 09:19:22.141384,178.07,3,177.72,1
2003/12/01 09:19:23.692367,178.06,1,177.72,1
2003/12/01 09:19:27.553538,178.06,1,177.7,1
2003/12/01 09:19:27.553628,178.06,1,177.72,1
2003/12/01 09:19:28.692500,178.07,3,177.72,1
2003/12/01 09:19:30.695406,178.03,1,177.72,1
2003/12/01 09:19:34.719805,178.07,3,177.72,1
2003/12/01 09:19:36.733660,178.06,1,177.72,1
2003/12/01 09:19:42.042540,178.06,1,177.81,1
2003/12/01 09:19:53.257116,178.07,3,177.81,1
2003/12/01 09:19:54.059366,178.0,4,177.86,2
2003/12/01 09:19:55.271549,178.04,1,177.81,1
2003/12/01 09:19:57.271191,178.07,3,177.81,1
2003/12/01 09:19:57.938762,178.23,1,177.81,1
2003/12/01 09:19:58.941067,177.99,3,177.81,1
2003/12/01 09:19:59.274448,177.98,1,177.81,1
2003/12/01 09:20:35.310274,179.0,1,177.75,1
2003/12/01 09:20:44.375165,178.35,1,177.86,2
2003/12/01 09:20:44.375436,178.49,1,177.86,2
2003/12/01 09:20:44.375493,178.35,1,177.86,2
2003/12/01 09:20:44.380179,178.49,1,177.86,2
2003/12/01 09:20:44.426598,178.32,4,177.86,2
2003/12/01 09:20:44.808163,178.08,4,177.86,2
2003/12/01 09:20:45.414336,179.0,1,177.75,1
2003/12/01 09:20:50.439827,178.33,1,177.81,1
2003/12/01 09:20:50.503513,178.23,1,177.81,1
2003/12/01 09:20:52.041202,178.07,3,177.81,1
2003/12/01 09:20:52.442356,178.06,1,177.81,1
2003/12/01 09:20:56.691850,178.06,2,177.81,1
2003/12/01 09:21:17.014846,178.06,2,177.81,2
2003/12/01 09:21:27.626054,178.08,4,177.88,5
2003/12/01 09:21:31.081326,178.06,2,177.86,1
2003/12/01 09:21:32.940631,178.06,2,177.82,1
2003/12/01 09:21:39.211146,179.0,1,177.75,1
2003/12/01 09:21:49.638837,178.06,2,177.81,1
2003/12/01 09:21:49.638928,178.06,2,177.85,1
2003/12/01 09:21:49.703872,178.06,2,177.81,1
2003/12/01 09:21:51.513124,178.06,2,177.82,1
2003/12/01 09:21:58.744757,178.35,1,177.88,5
2003/12/01 09:21:58.748798,178.49,1,177.88,5
2003/12/01 09:21:58.748881,178.06,2,177.81,1
2003/12/01 09:21:58.748957,178.35,1,177.88,5
2003/12/01 09:21:58.748983,178.06,2,177.86,1
2003/12/01 09:21:58.749167,179.0,1,177.75,1
2003/12/01 09:21:58.749908,178.06,2,177.81,1
2003/12/01 09:21:58.800747,178.16,4,177.88,5
2003/12/01 09:21:59.179188,178.08,4,177.88,5
2003/12/01 09:21:59.501709,178.06,2,177.92,1
2003/12/01 09:22:10.574032,179.0,1,177.75,1
2003/12/01 09:22:12.579218,178.35,1,177.88,5
2003/12/01 09:22:12.583443,178.49,1,177.88,5
2003/12/01 09:22:12.583558,178.35,1,177.88,5
2003/12/01 09:22:12.633638,178.16,4,177.88,5
2003/12/01 09:22:14.712119,178.06,2,177.95,1
2003/12/01 09:22:18.392006,179.0,1,177.75,1
2003/12/01 09:22:23.902330,178.06,2,177.95,1
2003/12/01 09:22:38.342957,178.06,2,177.95,1
2003/12/01 09:22:38.387852,178.06,1,177.95,1
2003/12/01 09:22:38.646235,178.15,3,177.95,1
2003/12/01 09:22:39.665240,179.0,1,177.75,1
2003/12/01 09:22:40.649187,178.14,1,177.95,1
2003/12/01 09:22:41.595910,179.0,1,177.75,1
2003/12/01 09:22:42.989886,179.0,1,177.75,1
2003/12/01 09:22:46.041384,178.13,3,177.95,1
2003/12/01 09:22:46.556542,178.13,4,177.95,1
2003/12/01 09:22:49.396386,178.12,1,177.95,1
2003/12/01 09:22:50.167961,179.0,1,177.75,1
2003/12/01 09:22:53.292678,178.09,1,177.95,1
2003/12/01 09:22:53.866385,179.0,1,177.75,1
2003/12/01 09:22:54.287745,178.13,4,177.95,1
2003/12/01 09:22:55.297490,178.12,1,177.95,1
2003/12/01 09:23:11.545756,178.11,3,177.95,1
2003/12/01 09:23:13.550465,178.1,1,177.95,1
2003/12/01 09:23:26.708016,179.0,1,177.75,1
2003/12/01 09:23:30.427959,178.09,3,177.95,1
2003/12/01 09:23:33.543143,178.08,1,177.95,1
2003/12/01 09:23:35.172968,179.0,1,177.75,1
2003/12/01 09:23:39.518590,179.0,1,177.75,1
2003/12/01 09:23:44.790284,178.13,1,177.95,1
2003/12/01 09:23:46.870980,178.12,1,177.95,1
2003/12/01 09:23:58.868118,179.0,1,177.75,1
2003/12/01 09:24:01.032339,178.16,4,177.92,4
2003/12/01 09:24:01.043305,178.12,1,177.95,2
2003/12/01 09:24:01.069515,178.12,1,177.95,1
2003/12/01 09:24:07.000259,178.04,2,177.92,4
2003/12/01 09:24:12.441820,178.04,2,177.88,5
2003/12/01 09:24:12.442015,179.0,1,177.75,1
2003/12/01 09:24:21.930441,178.12,1,177.92,1
2003/12/01 09:24:31.383640,178.12,1,177.93,1
2003/12/01 09:24:31.465381,178.04,2,177.92,4
2003/12/01 09:24:31.736637,178.04,2,177.88,5
2003/12/01 09:24:31.738949,178.0,2,177.93,1
2003/12/01 09:24:32.069508,178.13,1,177.93,1
2003/12/01 09:24:32.069577,178.13,1,177.97,1
2003/12/01 09:24:32.073776,178.13,1,177.93,1
2003/12/01 09:24:33.464338,178.13,1,177.92,1
2003/12/01 09:24:33.744795,178.12,1,177.92,1
2003/12/01 09:24:36.325405,178.04,1,177.92,1
2003/12/01 09:24:37.924150,178.04,1,177.93,1
2003/12/01 09:24:38.330675,178.03,1,177.93,1
2003/12/01 09:24:44.422725,178.04,2,177.91,1
2003/12/01 09:24:45.009412,178.03,1,177.92,1
2003/12/01 09:24:45.046413,178.04,2,177.88,5
2003/12/01 09:24:45.448022,178.03,1,177.93,1
2003/12/01 09:24:48.149075,179.0,1,177.75,2
2003/12/01 09:24:50.832481,178.03,1,177.92,1
2003/12/01 09:24:55.929783,178.03,1,177.91,1
2003/12/01 09:24:56.463579,178.04,2,177.98,1
2003/12/01 09:24:58.569072,178.04,2,177.88,5
2003/12/01 09:24:58.569972,178.04,2,177.98,1
2003/12/01 09:24:59.433482,178.02,1,177.98,1
2003/12/01 09:25:01.434168,178.13,1,177.91,1
2003/12/01 09:25:03.437776,178.12,1,177.91,1
2003/12/01 09:25:03.745903,178.02,1,177.88,5
2003/12/01 09:25:03.745905,178.0,1,177.88,5
2003/12/01 09:25:04.176963,178.12,1,177.9,1
2003/12/01 09:25:04.177028,179.0,1,177.75,1
2003/12/01 09:25:04.177119,178.12,1,177.89,1
2003/12/01 09:25:18.185805,178.12,1,177.86,1
2003/12/01 09:25:18.185898,179.0,1,177.75,1
2003/12/01 09:25:18.185906,179.0,1,177.75,1
2003/12/01 09:25:31.362066,178.13,1,177.86,1
2003/12/01 09:25:33.365249,178.12,1,177.86,1
2003/12/01 09:25:38.291133,178.12,1,177.88,3
2003/12/01 09:25:42.941037,178.12,1,177.9,3
2003/12/01 09:25:44.509511,178.12,1,177.9,2
2003/12/01 09:25:52.235370,179.0,1,177.75,1
2003/12/01 09:25:54.585264,179.0,1,177.75,1
2003/12/01 09:25:54.585572,178.12,1,177.9,1
2003/12/01 09:25:54.775979,178.12,1,177.9,2
2003/12/01 09:25:56.788304,178.12,2,177.9,2
2003/12/01 09:25:56.788520,178.12,1,177.9,2
2003/12/01 09:26:00.754601,178.12,1,177.9,2
2003/12/01 09:26:01.693674,178.12,1,177.9,3
2003/12/01 09:26:01.698450,178.12,1,177.9,2
2003/12/01 09:26:03.410501,178.12,2,177.9,2
2003/12/01 09:26:07.063876,178.12,2,177.9,3
2003/12/01 09:26:08.995967,178.13,1,177.9,3
2003/12/01 09:26:10.999390,178.12,2,177.9,3
2003/12/01 09:26:16.347247,178.12,2,177.9,2
2003/12/01 09:26:19.458477,179.0,1,177.75,1
2003/12/01 09:26:21.186541,178.0,1,177.86,2
2003/12/01 09:26:31.705362,178.12,1,177.9,2
2003/12/01 09:26:31.705421,178.12,2,177.9,2
2003/12/01 09:26:31.707469,178.13,1,177.9,2
2003/12/01 09:26:33.710426,178.09,1,177.9,2
2003/12/01 09:26:38.530895,179.0,1,177.75,1
2003/12/01 09:26:39.388590,178.0,1,177.91,5
2003/12/01 09:26:48.331981,179.0,1,177.75,1
2003/12/01 09:26:49.977305,179.0,1,177.75,2
2003/12/01 09:26:51.999870,179.0,1,177.75,2
2003/12/01 09:26:56.854247,179.0,1,177.75,2
2003/12/01 09:27:07.291991,178.09,2,177.9,2
2003/12/01 09:27:10.969709,178.09,2,177.9,3
2003/12/01 09:27:11.018997,178.09,1,177.9,3
2003/12/01 09:27:11.290184,178.09,1,177.9,1
2003/12/01 09:27:13.021021,178.13,1,177.9,1
2003/12/01 09:27:13.543436,177.99,1,177.9,1
2003/12/01 09:27:14.071140,177.99,1,177.9,1
2003/12/01 09:27:14.554218,178.0,1,177.91,3
2003/12/01 09:27:14.554589,179.0,1,177.75,1
2003/12/01 09:27:14.554597,179.0,1,177.75,1
2003/12/01 09:27:15.023882,177.98,1,177.9,1
2003/12/01 09:27:22.181816,178.0,1,177.91,1
2003/12/01 09:27:28.499874,178.0,1,177.86,2
2003/12/01 09:27:28.499876,177.91,3,177.86,2
2003/12/01 09:27:28.500298,179.0,1,177.75,1
2003/12/01 09:27:28.500726,177.98,1,177.86,1
2003/12/01 09:27:29.032705,178.0,2,177.86,2
2003/12/01 09:27:39.656843,178.13,1,177.86,1
2003/12/01 09:27:40.310870,177.97,1,177.86,1
2003/12/01 09:27:41.659955,177.96,1,177.86,1
2003/12/01 09:27:48.736070,177.96,1,177.91,1
2003/12/01 09:27:48.751046,177.96,1,177.91,1
2003/12/01 09:27:48.797824,178.0,1,177.86,2
2003/12/01 09:27:48.801719,177.96,1,177.91,1
2003/12/01 09:27:51.655514,177.96,1,177.87,1
2003/12/01 09:27:52.283959,178.13,1,177.87,1
2003/12/01 09:27:52.657167,177.95,1,177.87,1
2003/12/01 09:27:54.038392,178.13,1,177.87,1
2003/12/01 09:27:54.287204,178.12,1,177.87,1
2003/12/01 09:27:56.151685,177.99,1,177.87,1
2003/12/01 09:27:57.784145,177.91,1,177.75,1
2003/12/01 09:27:57.784157,177.91,1,177.86,2
2003/12/01 09:27:57.784467,177.91,1,177.87,1
2003/12/01 09:27:58.289781,177.9,1,177.87,1
2003/12/01 09:27:59.984066,177.9,1,177.86,1
2003/12/01 09:28:18.633272,177.91,1,177.86,1
2003/12/01 09:28:20.636174,177.91,1,177.85,1
2003/12/01 09:28:20.939729,177.9,1,177.85,1
2003/12/01 09:28:23.753133,177.91,1,177.85,1
2003/12/01 09:28:25.832435,177.9,1,177.85,1
2003/12/01 09:28:26.098041,177.89,1,177.85,1
2003/12/01 09:28:26.166187,177.91,1,177.86,1
2003/12/01 09:28:26.185386,177.89,1,177.75,1
2003/12/01 09:28:26.185473,177.91,1,177.85,2
2003/12/01 09:28:26.185475,177.91,1,177.85,1
2003/12/01 09:28:26.206127,177.91,1,177.77,1
2003/12/01 09:28:26.206679,177.89,1,177.74,1
2003/12/01 09:28:29.386321,177.91,1,177.74,1
2003/12/01 09:28:31.389421,177.9,1,177.74,1
2003/12/01 09:28:31.414948,177.9,2,177.74,1
2003/12/01 09:28:35.442694,177.91,1,177.75,1
2003/12/01 09:28:35.442824,177.91,1,177.75,1
2003/12/01 09:28:37.014847,177.9,2,177.77,1
2003/12/01 09:28:42.538200,177.9,1,177.77,1
2003/12/01 09:28:45.355708,177.9,1,177.8,3
2003/12/01 09:28:47.541216,177.89,1,177.8,3
2003/12/01 09:28:49.546039,177.88,1,177.8,3
2003/12/01 09:28:52.758435,177.87,1,177.8,3
2003/12/01 09:28:54.980958,177.86,1,177.8,3
2003/12/01 09:28:56.020578,177.87,1,177.8,3
2003/12/01 09:28:56.432981,177.91,1,177.8,3
2003/12/01 09:28:58.177020,177.9,1,177.8,3
2003/12/01 09:28:58.326685,177.89,1,177.8,3
2003/12/01 09:29:00.120227,177.91,1,177.75,1
2003/12/01 09:29:00.178554,177.91,1,177.75,1
2003/12/01 09:29:01.313711,178.0,5,177.77,1
2003/12/01 09:29:01.313752,179.0,1,177.75,1
2003/12/01 09:29:08.965262,177.89,1,177.8,4
2003/12/01 09:29:11.131594,178.13,1,177.8,4
2003/12/01 09:29:13.135645,178.0,1,177.8,4
2003/12/01 09:29:14.690535,177.99,1,177.8,4
2003/12/01 09:29:17.138732,177.98,1,177.8,4
2003/12/01 09:29:21.996844,179.0,1,177.75,1
2003/12/01 09:29:23.360084,177.89,8,177.77,1
2003/12/01 09:29:23.668964,178.13,1,177.8,4
2003/12/01 09:29:23.941094,177.97,1,177.8,4
2003/12/01 09:29:25.698453,177.89,6,177.77,1
2003/12/01 09:29:25.709962,177.96,1,177.8,4
2003/12/01 09:29:26.134758,177.89,4,177.77,1
2003/12/01 09:29:29.676197,177.89,2,177.77,1
2003/12/01 09:29:31.904944,178.13,1,177.8,4
2003/12/01 09:29:33.540781,177.88,1,177.8,4
2003/12/01 09:29:33.924558,177.87,1,177.8,4
2003/12/01 09:29:34.165305,177.87,1,177.8,4
2003/12/01 09:29:34.468476,177.88,1,177.8,4
2003/12/01 09:29:35.173083,177.88,1,177.8,4
2003/12/01 09:29:35.183290,178.13,1,177.8,4
2003/12/01 09:29:36.471682,178.12,2,177.8,4
2003/12/01 09:29:37.080431,177.88,1,177.8,4
2003/12/01 09:29:39.289608,179.0,1,177.75,1
2003/12/01 09:29:40.474373,177.87,1,177.8,4
2003/12/01 09:29:43.939840,177.87,1,177.8,4
2003/12/01 09:29:44.243051,178.13,1,177.8,4
2003/12/01 09:29:45.730439,177.88,1,177.8,4
2003/12/01 09:29:46.284815,177.87,1,177.8,4
2003/12/01 09:29:49.604085,177.89,2,177.8,1
2003/12/01 09:29:54.341815,178.02,1,177.8,4
2003/12/01 09:29:54.645106,178.13,1,177.8,4
2003/12/01 09:29:55.051023,177.86,1,177.8,4
2003/12/01 09:29:56.648228,177.85,1,177.8,4
2003/12/01 09:29:56.874251,177.89,2,177.77,1
2003/12/01 09:29:56.877674,179.0,1,177.75,2
2003/12/01 09:29:56.951461,177.86,1,177.8,4
2003/12/01 09:29:58.187844,178.13,1,177.8,4
2003/12/01 09:29:58.954347,177.99,1,177.8,4
2003/12/01 09:29:59.791316,177.88,1,177.8,4
2003/12/01 09:30:01.929670,177.88,1,177.8,4
2003/12/01 09:30:02.996167,177.87,1,177.8,4
2003/12/01 09:30:05.946972,177.88,1,177.8,4
2003/12/01 09:30:08.253114,177.87,1,177.8,4
2003/12/01 09:30:08.832440,177.87,1,177.8,4
2003/12/01 09:30:09.135600,177.88,1,177.8,4
2003/12/01 09:30:11.138945,177.87,1,177.8,4
2003/12/01 09:30:17.763626,177.88,1,177.8,4
2003/12/01 09:30:20.070284,177.87,1,177.8,4
2003/12/01 09:30:20.134310,177.87,1,177.8,4
2003/12/01 09:30:20.440631,177.88,1,177.8,4
2003/12/01 09:30:22.443552,177.87,1,177.8,4
2003/12/01 09:30:24.669120,177.87,1,177.8,4
2003/12/01 09:30:24.972320,177.88,1,177.8,4
2003/12/01 09:30:26.081614,177.89,2,177.78,1
2003/12/01 09:30:26.975232,177.87,1,177.8,4
2003/12/01 09:30:27.622011,177.89,2,177.77,1
2003/12/01 09:30:30.980803,177.87,1,177.8,4
2003/12/01 09:30:31.300678,177.88,1,177.8,4
2003/12/01 09:30:32.094766,177.88,1,177.8,4
2003/12/01 09:30:33.208593,177.89,1,177.8,4
2003/12/01 09:30:33.304102,177.87,1,177.8,4
2003/12/01 09:30:34.899316,177.89,1,177.8,4
2003/12/01 09:30:37.243217,177.87,1,177.8,4
2003/12/01 09:30:45.950978,177.87,1,177.8,4
2003/12/01 09:30:46.254567,177.88,1,177.8,4
2003/12/01 09:30:48.257726,177.87,1,177.8,4
2003/12/01 09:30:49.205001,177.87,1,177.8,4
2003/12/01 09:30:49.423005,177.87,1,177.8,4
2003/12/01 09:30:49.546198,177.88,1,177.8,4
2003/12/01 09:30:51.588286,177.87,1,177.8,4
2003/12/01 09:30:52.359409,177.89,2,177.8,1
2003/12/01 09:30:55.425024,177.87,1,177.8,4
2003/12/01 09:30:55.729149,177.88,1,177.8,4
2003/12/01 09:30:57.733129,177.87,1,177.8,4
2003/12/01 09:31:07.783967,177.87,1,177.8,4
2003/12/01 09:31:08.087045,177.88,1,177.8,4
2003/12/01 09:31:10.090271,177.87,1,177.8,4
2003/12/01 09:31:11.321308,177.88,1,177.8,4
2003/12/01 09:31:13.629090,177.87,1,177.8,4
2003/12/01 09:31:21.772202,177.87,1,177.8,4
2003/12/01 09:31:22.075942,177.88,1,177.8,4
2003/12/01 09:31:24.079224,177.87,1,177.8,4
2003/12/01 09:31:34.725063,177.87,1,177.81,1
2003/12/01 09:31:43.418795,179.0,1,177.75,2
2003/12/01 09:31:47.390542,177.87,1,177.8,4
2003/12/01 09:31:47.393910,177.81,1,177.8,4
2003/12/01 09:31:47.394741,177.85,1,177.8,4
2003/12/01 09:31:47.396278,177.81,1,177.8,4
2003/12/01 09:31:47.408477,177.85,1,177.8,4
2003/12/01 09:31:47.410705,177.88,1,177.8,4
2003/12/01 09:31:47.417423,177.88,1,177.8,3
2003/12/01 09:31:49.398741,177.87,1,177.8,3
2003/12/01 09:31:57.746159,177.87,1,177.8,1
2003/12/01 09:32:03.805834,177.89,2,177.77,1
2003/12/01 09:32:10.748712,178.0,1,177.8,1
2003/12/01 09:32:12.751813,177.88,1,177.8,1
2003/12/01 09:32:17.922342,177.88,1,177.77,1
2003/12/01 09:32:18.595222,177.88,1,177.74,1
2003/12/01 09:32:18.595306,177.89,2,177.75,1
2003/12/01 09:32:18.595699,179.0,1,177.75,1
2003/12/01 09:32:22.561029,177.87,2,177.74,1
2003/12/01 09:32:24.566043,177.86,1,177.74,1
2003/12/01 09:32:27.461438,177.89,2,177.73,1
2003/12/01 09:32:27.461593,177.89,2,177.76,1
2003/12/01 09:32:32.742445,179.0,1,177.75,1
2003/12/01 09:32:33.615222,177.86,1,177.76,1
2003/12/01 09:32:38.848688,177.86,1,177.76,1
2003/12/01 09:32:39.152161,177.87,2,177.76,1
2003/12/01 09:32:41.155106,177.86,1,177.76,1
2003/12/01 09:32:47.944234,177.8,1,177.76,1
2003/12/01 09:32:47.963290,179.0,1,177.75,1
2003/12/01 09:32:49.237207,177.96,1,177.76,1
2003/12/01 09:32:49.382847,177.8,1,177.77,1
2003/12/01 09:32:49.619051,178.0,1,177.76,1
2003/12/01 09:32:49.619099,177.98,1,177.76,1
2003/12/01 09:32:49.669077,177.89,2,177.77,1
2003/12/01 09:32:49.669100,177.89,2,177.78,1
2003/12/01 09:32:49.669185,177.98,1,177.8,6
2003/12/01 09:32:49.669529,179.0,1,177.78,2
2003/12/01 09:32:49.669542,179.0,1,177.78,1
2003/12/01 09:32:49.669652,179.0,1,177.75,1
2003/12/01 09:32:49.670044,177.98,1,177.8,7
2003/12/01 09:32:49.689157,177.89,2,177.77,1
2003/12/01 09:32:49.731674,177.89,2,177.76,1
2003/12/01 09:32:49.731710,177.89,2,177.73,1
2003/12/01 09:32:49.731780,177.89,2,177.77,1
2003/12/01 09:32:49.769159,177.98,1,177.76,1
2003/12/01 09:32:51.117928,177.89,2,177.73,1
2003/12/01 09:32:51.117987,178.0,1,177.76,1
2003/12/01 09:32:51.118048,177.96,1,177.76,1
2003/12/01 09:32:51.118789,178.0,1,177.76,1
2003/12/01 09:32:51.239957,177.88,1,177.76,1
2003/12/01 09:33:06.916689,179.0,1,177.75,1
2003/12/01 09:33:08.189529,177.89,2,177.7,1
2003/12/01 09:33:08.189904,179.0,1,177.75,1
2003/12/01 09:33:08.189981,177.88,1,177.74,1
2003/12/01 09:33:08.190190,179.0,1,177.75,1
2003/12/01 09:33:08.190346,177.89,2,177.68,1
2003/12/01 09:33:08.562519,177.89,2,177.68,5
2003/12/01 09:33:09.253146,177.89,2,177.7,1
2003/12/01 09:33:10.704379,177.88,2,177.74,1
2003/12/01 09:33:10.706061,177.89,1,177.74,1
2003/12/01 09:33:12.698224,177.89,2,177.69,1
2003/12/01 09:33:12.698307,177.89,2,177.68,5
2003/12/01 09:33:12.698369,177.89,2,177.7,1
2003/12/01 09:33:12.708635,177.76,1,177.74,1
2003/12/01 09:33:12.809143,177.89,2,177.68,5
2003/12/01 09:33:13.194581,177.76,1,177.74,1
2003/12/01 09:33:13.306362,177.89,2,177.68,1
2003/12/01 09:33:13.309687,177.76,1,177.74,1
2003/12/01 09:33:13.497606,177.89,1,177.74,1
2003/12/01 09:33:13.939052,177.89,2,177.68,5
2003/12/01 09:33:15.500449,177.76,1,177.74,1
2003/12/01 09:33:20.463356,177.89,2,177.68,6
2003/12/01 09:33:20.989821,177.89,2,177.68,5
2003/12/01 09:33:23.764535,177.89,2,177.72,1
2003/12/01 09:33:25.136841,177.91,1,177.74,1
2003/12/01 09:33:27.139639,177.88,1,177.74,1
2003/12/01 09:33:37.079420,179.0,1,177.75,1
2003/12/01 09:33:38.158104,179.0,1,177.75,1
2003/12/01 09:33:45.829539,177.89,2,177.75,3
2003/12/01 09:33:49.574907,177.89,2,177.76,5
2003/12/01 09:33:54.041513,177.88,1,177.77,3
2003/12/01 09:33:57.334298,177.88,1,177.77,2
2003/12/01 09:34:02.784012,177.88,1,177.77,3
2003/12/01 09:34:02.812060,178.0,1,177.77,3
2003/12/01 09:34:10.280795,177.88,1,177.77,3
2003/12/01 09:34:21.941554,177.77,1,177.74,1
2003/12/01 09:34:21.942403,177.88,2,177.74,1
2003/12/01 09:34:21.943549,177.89,1,177.74,1
2003/12/01 09:34:21.943982,178.0,1,177.74,1
2003/12/01 09:34:22.012326,177.96,1,177.74,1
2003/12/01 09:34:23.946498,177.88,1,177.74,1
2003/12/01 09:34:29.190353,177.87,3,177.74,1
2003/12/01 09:34:31.194854,177.86,1,177.74,1
2003/12/01 09:34:32.265859,177.87,3,177.74,1
2003/12/01 09:34:39.107203,177.99,1,177.74,1
2003/12/01 09:34:40.055667,177.99,1,177.77,3
2003/12/01 09:34:43.687051,177.98,3,177.77,3
2003/12/01 09:34:48.006460,177.88,1,177.77,3
2003/12/01 09:34:48.881312,177.89,2,177.76,6
2003/12/01 09:34:50.069281,177.89,2,177.76,5
2003/12/01 09:34:50.070210,177.89,2,177.77,1
2003/12/01 09:34:51.430322,177.88,1,177.77,3
2003/12/01 09:34:51.679919,177.89,2,177.76,5
2003/12/01 09:35:00.430142,177.98,3,177.77,3
2003/12/01 09:35:02.173628,177.98,4,177.77,3
2003/12/01 09:35:02.789220,177.98,3,177.77,3
2003/12/01 09:35:02.789416,177.97,1,177.77,3
2003/12/01 09:35:07.414551,177.98,3,177.77,3
2003/12/01 09:35:07.414626,177.96,1,177.77,3
2003/12/01 09:35:11.651676,177.89,2,177.8,3
2003/12/01 09:35:13.565657,177.88,1,177.77,3
2003/12/01 09:35:15.535075,177.88,1,177.8,1
2003/12/01 09:35:17.086090,177.88,1,177.8,2
2003/12/01 09:35:38.389190,179.0,1,177.75,1
2003/12/01 09:35:41.378834,177.88,4,177.8,2
2003/12/01 09:35:59.728589,177.88,5,177.8,2
2003/12/01 09:35:59.730373,177.88,3,177.8,2
2003/12/01 09:36:01.733260,177.85,1,177.8,2
2003/12/01 09:36:09.051706,177.85,1,177.8,2
2003/12/01 09:36:09.355489,177.88,3,177.8,2
2003/12/01 09:36:11.358483,177.85,1,177.8,2
2003/12/01 09:36:13.394715,177.85,1,177.8,2
2003/12/01 09:36:13.492904,177.86,1,177.8,2
2003/12/01 09:36:13.698219,177.88,3,177.8,2
2003/12/01 09:36:15.631532,177.88,3,177.8,2
2003/12/01 09:36:15.700944,177.85,1,177.8,2
2003/12/01 09:36:15.953396,177.85,1,177.8,2
2003/12/01 09:36:16.256526,177.88,3,177.8,2
2003/12/01 09:36:18.259777,177.85,1,177.8,2
2003/12/01 09:36:22.200464,177.85,1,177.8,2
2003/12/01 09:36:22.504419,177.88,3,177.8,2
2003/12/01 09:36:24.507638,177.85,1,177.8,2
2003/12/01 09:36:26.127464,177.88,1,177.8,2
2003/12/01 09:36:26.246626,178.13,1,177.8,2
2003/12/01 09:36:26.431112,177.99,1,177.8,2
2003/12/01 09:36:27.240721,177.99,1,177.88,1
2003/12/01 09:36:27.241396,177.99,1,177.88,1
2003/12/01 09:36:27.241473,177.99,1,177.8,2
2003/12/01 09:36:31.497759,177.98,1,177.8,2
2003/12/01 09:36:32.377165,179.0,1,177.8,3
2003/12/01 09:36:33.502878,177.97,1,177.8,2
2003/12/01 09:37:02.890038,177.97,1,177.8,1
2003/12/01 09:37:03.662806,177.89,2,177.8,2
2003/12/01 09:37:03.663178,177.97,1,177.77,1
2003/12/01 09:37:20.136895,177.97,1,177.77,2
2003/12/01 09:37:26.914907,177.97,1,177.77,1
2003/12/01 09:37:29.585908,179.0,1,177.8,3
2003/12/01 09:37:34.134730,177.97,1,177.8,1
2003/12/01 09:37:37.092635,177.97,1,177.77,1
2003/12/01 09:37:37.092793,179.0,1,177.8,3
2003/12/01 09:37:37.092801,179.0,1,177.75,1
2003/12/01 09:37:40.442689,177.88,1,177.77,1
2003/12/01 09:37:43.411811,177.87,1,177.77,1
2003/12/01 09:37:45.001357,177.89,2,177.8,1
2003/12/01 09:37:47.382149,177.89,2,177.8,2
2003/12/01 09:38:01.805063,177.87,1,177.77,1
2003/12/01 09:38:01.805146,177.89,2,177.76,5
2003/12/01 09:38:01.805948,177.87,1,177.75,1
2003/12/01 09:38:02.168130,177.89,2,177.76,9
2003/12/01 09:38:02.321149,177.87,1,177.74,1
2003/12/01 09:38:06.980009,177.87,1,177.77,1
2003/12/01 09:38:07.432923,177.89,2,177.78,1
2003/12/01 09:38:12.550947,177.86,1,177.77,1
2003/12/01 09:38:12.751460,179.0,1,177.75,1
2003/12/01 09:38:14.942761,177.85,1,177.77,1
2003/12/01 09:38:19.994319,179.0,1,177.75,1
2003/12/01 09:38:30.856191,177.85,1,177.74,1
2003/12/01 09:38:30.856262,177.89,2,177.76,5
2003/12/01 09:38:31.224671,177.89,2,177.76,9
2003/12/01 09:38:33.507441,177.85,1,177.75,1
2003/12/01 09:38:33.577003,177.85,1,177.74,1
2003/12/01 09:38:34.724597,177.85,1,177.75,1
2003/12/01 09:38:34.775097,177.85,1,177.74,1
2003/12/01 09:38:37.636404,179.0,1,177.75,1
2003/12/01 09:38:41.450217,177.85,2,177.74,1
2003/12/01 09:38:49.434301,177.85,2,177.75,1
2003/12/01 09:38:53.633061,177.84,1,177.75,1
2003/12/01 09:38:55.638206,177.83,1,177.75,1
2003/12/01 09:39:16.063670,177.83,1,177.75,1
2003/12/01 09:39:16.366956,177.84,1,177.75,1
2003/12/01 09:39:18.151240,177.84,1,177.75,1
2003/12/01 09:39:18.370050,177.83,1,177.75,1
2003/12/01 09:39:20.390239,177.85,1,177.75,1
2003/12/01 09:39:20.997050,177.85,2,177.75,1
2003/12/01 09:39:22.794650,177.85,2,177.78,4
2003/12/01 09:39:40.835788,177.85,2,177.78,4
2003/12/01 09:39:40.835986,177.89,2,177.76,5
2003/12/01 09:39:40.857315,177.85,2,177.78,2
2003/12/01 09:39:40.857527,179.0,1,177.75,1
2003/12/01 09:39:40.861799,177.85,2,177.74,1
2003/12/01 09:39:41.260950,177.89,2,177.78,1
2003/12/01 09:39:42.900999,177.85,1,177.74,1
2003/12/01 09:39:44.741482,177.85,1,177.77,1
2003/12/01 09:39:44.904156,177.84,1,177.77,1
2003/12/01 09:39:50.706638,177.88,4,177.77,1
2003/12/01 09:39:52.709431,177.87,1,177.77,1
2003/12/01 09:39:54.498490,177.89,2,177.81,2
2003/12/01 09:40:00.205051,177.89,2,177.78,1
2003/12/01 09:40:04.779742,177.87,1,177.74,1
2003/12/01 09:40:04.779806,177.89,2,177.76,9
2003/12/01 09:40:04.779937,177.89,2,177.76,5
2003/12/01 09:40:05.004503,177.86,1,177.74,1
2003/12/01 09:40:06.930362,177.89,2,177.83,1
2003/12/01 09:40:07.009434,177.86,2,177.74,1
2003/12/01 09:40:09.420530,177.89,2,177.76,5
2003/12/01 09:40:09.424946,177.83,2,177.74,1
2003/12/01 09:40:11.246435,177.86,2,177.74,1
2003/12/01 09:40:12.018217,177.89,2,177.84,3
2003/12/01 09:40:13.848529,177.89,2,177.84,1
2003/12/01 09:40:14.484558,177.89,2,177.78,1
2003/12/01 09:40:14.678073,177.86,2,177.75,1
2003/12/01 09:40:15.128907,177.86,2,177.74,1
2003/12/01 09:40:15.821517,177.86,1,177.74,1
2003/12/01 09:40:15.828383,177.84,6,177.74,1
2003/12/01 09:40:15.847146,177.89,2,177.76,5
2003/12/01 09:40:15.851562,177.84,5,177.74,1
2003/12/01 09:40:17.690837,177.84,5,177.78,4
2003/12/01 09:40:19.833975,177.84,6,177.78,4
2003/12/01 09:40:28.937350,177.84,6,177.74,1
2003/12/01 09:40:30.413590,177.84,6,177.77,4
2003/12/01 09:40:31.493741,177.84,1,177.77,4
2003/12/01 09:40:33.496026,178.13,1,177.77,4
2003/12/01 09:40:41.827830,178.13,1,177.8,1
2003/12/01 09:40:48.230569,177.86,1,177.8,1
2003/12/01 09:40:49.749864,177.86,1,177.8,3
2003/12/01 09:40:52.272828,177.86,2,177.8,3
2003/12/01 09:40:59.486026,177.86,1,177.8,3
2003/12/01 09:41:01.489550,177.85,1,177.8,3
2003/12/01 09:41:03.967706,177.85,1,177.8,3
2003/12/01 09:41:09.242719,177.89,2,177.76,9
2003/12/01 09:41:09.266693,177.85,1,177.8,3
2003/12/01 09:41:12.203675,177.89,2,177.76,10
2003/12/01 09:41:14.619499,177.89,2,177.77,1
2003/12/01 09:41:16.311315,177.85,1,177.8,2
2003/12/01 09:41:19.105856,177.89,2,177.77,2
2003/12/01 09:41:30.065589,177.85,1,177.81,4
2003/12/01 09:41:36.397091,178.13,1,177.81,4
2003/12/01 09:41:43.603104,179.0,1,177.75,1
2003/12/01 09:41:47.416234,179.0,1,177.75,1
2003/12/01 09:41:49.663010,179.0,1,177.75,1
2003/12/01 09:41:53.873712,178.0,2,177.81,4
2003/12/01 09:41:54.478406,178.0,2,177.84,1
2003/12/01 09:41:55.303597,178.0,5,177.77,2
2003/12/01 09:41:55.303621,178.0,5,177.85,1
2003/12/01 09:41:55.303623,178.0,5,177.85,2
2003/12/01 09:41:55.303626,178.0,5,177.85,3
2003/12/01 09:41:55.303663,177.89,7,177.85,3
2003/12/01 09:41:55.304020,179.0,1,177.85,1
2003/12/01 09:41:55.304054,179.0,1,177.85,2
2003/12/01 09:41:55.304078,179.0,1,177.85,1
2003/12/01 09:41:55.304177,179.0,1,177.75,1
2003/12/01 09:41:55.304699,177.89,7,177.85,2
2003/12/01 09:41:55.313689,177.89,7,177.85,1
2003/12/01 09:41:55.323661,177.89,7,177.77,2
2003/12/01 09:41:55.326109,177.99,1,177.84,1
2003/12/01 09:41:55.371457,177.89,7,177.78,1
2003/12/01 09:41:58.471403,177.89,7,177.77,2
2003/12/01 09:42:07.058142,177.99,1,177.81,4
2003/12/01 09:42:14.015595,177.99,1,177.81,3
2003/12/01 09:42:14.071836,177.99,1,177.8,5
2003/12/01 09:42:16.528916,178.0,2,177.8,5
2003/12/01 09:42:17.080783,178.0,2,177.8,4
2003/12/01 09:42:18.531999,177.96,1,177.8,4
2003/12/01 09:42:19.323596,177.88,3,177.8,4
2003/12/01 09:42:21.792718,177.89,7,177.77,1
2003/12/01 09:42:21.792834,177.88,5,177.8,4
2003/12/01 09:42:25.534217,177.88,6,177.8,4
2003/12/01 09:42:45.032384,177.84,1,177.77,1
2003/12/01 09:42:52.938834,177.89,7,177.77,1
2003/12/01 09:42:58.661229,177.89,7,177.82,1
2003/12/01 09:42:58.661305,177.88,1,177.8,4
2003/12/01 09:42:58.964056,177.89,7,177.77,1
2003/12/01 09:42:58.964174,178.13,1,177.8,4
2003/12/01 09:43:00.749429,178.13,1,177.81,4
2003/12/01 09:43:01.005811,178.0,2,177.81,4
2003/12/01 09:43:02.928638,178.0,2,177.81,6
2003/12/01 09:43:04.770441,177.89,6,177.77,1
2003/12/01 09:43:08.289484,177.89,6,177.81,2
2003/12/01 09:43:11.934445,177.89,6,177.81,1
2003/12/01 09:43:13.314720,179.0,1,177.75,1
2003/12/01 09:43:15.970443,177.89,7,177.81,1
2003/12/01 09:43:20.367555,179.0,1,177.75,1
2003/12/01 09:43:27.048440,178.13,1,177.81,6
2003/12/01 09:43:43.280058,179.0,1,177.75,1
2003/12/01 09:43:54.327547,179.0,1,177.75,1
2003/12/01 09:43:56.298652,178.13,1,177.82,1
2003/12/01 09:43:58.226463,178.13,1,177.81,6
2003/12/01 09:44:00.652516,177.85,1,177.81,6
2003/12/01 09:44:01.559252,177.85,1,177.81,6
2003/12/01 09:44:02.658224,177.85,2,177.81,6
2003/12/01 09:44:04.967357,177.85,2,177.81,6
2003/12/01 09:44:05.469723,177.85,1,177.81,5
2003/12/01 09:44:07.471547,178.13,1,177.81,5
2003/12/01 09:44:11.597175,179.0,1,177.81,1
2003/12/01 09:44:14.457240,178.13,1,177.82,1
2003/12/01 09:44:14.759500,178.13,1,177.82,5
2003/12/01 09:44:17.171618,178.13,1,177.82,5
2003/12/01 09:44:18.031189,179.0,1,177.75,1
2003/12/01 09:44:19.682562,178.13,1,177.82,1
2003/12/01 09:44:24.280939,178.0,2,177.82,1
2003/12/01 09:44:31.875133,178.0,2,177.82,2
2003/12/01 09:44:32.352399,178.0,1,177.82,2
2003/12/01 09:44:33.331670,177.89,7,177.85,1
2003/12/01 09:44:35.122761,178.13,1,177.82,2
2003/12/01 09:44:43.147907,178.13,1,177.85,2
2003/12/01 09:44:44.579196,178.13,1,177.82,2
2003/12/01 09:44:50.398504,177.89,6,177.85,1
2003/12/01 09:44:50.398506,177.89,5,177.85,1
2003/12/01 09:44:51.469163,177.89,4,177.85,1
2003/12/01 09:44:51.544315,177.88,1,177.82,2
2003/12/01 09:44:55.549265,177.88,2,177.82,2
2003/12/01 09:44:56.208695,177.88,2,177.83,4
2003/12/01 09:45:00.931738,177.87,1,177.85,1
2003/12/01 09:45:11.144342,177.89,5,177.85,1
2003/12/01 09:45:11.559121,177.89,4,177.85,1
2003/12/01 09:45:12.571177,177.88,2,177.83,4
2003/12/01 09:45:13.224531,177.88,1,177.83,4
2003/12/01 09:45:13.465140,178.13,1,177.83,4
2003/12/01 09:45:13.465204,178.13,1,177.86,1
2003/12/01 09:45:13.469575,178.13,1,177.83,4
2003/12/01 09:45:13.527970,178.0,2,177.83,4
2003/12/01 09:45:15.151971,178.0,1,177.83,4
2003/12/01 09:45:15.152084,178.0,2,177.83,4
2003/12/01 09:45:15.733079,177.89,3,177.85,1
2003/12/01 09:45:18.528831,178.13,1,177.83,4
2003/12/01 09:45:20.405997,178.0,4,177.85,1
2003/12/01 09:45:20.485123,178.04,1,177.85,1
2003/12/01 09:45:23.189265,178.04,1,177.89,2
2003/12/01 09:45:24.172040,178.04,1,177.85,1
2003/12/01 09:45:29.460620,178.13,1,177.85,5
2003/12/01 09:45:30.355312,178.08,4,177.85,1
2003/12/01 09:45:30.355423,178.04,1,177.85,1
2003/12/01 09:45:32.051050,178.08,4,177.85,1
2003/12/01 09:45:32.051147,178.08,5,177.85,1
2003/12/01 09:45:32.051753,178.08,4,177.85,1
2003/12/01 09:45:32.623522,178.13,1,177.86,4
2003/12/01 09:45:36.806025,179.0,1,177.75,1
2003/12/01 09:45:38.595950,178.05,1,177.86,4
2003/12/01 09:45:40.600806,178.04,1,177.86,4
2003/12/01 09:45:42.962152,179.0,1,177.75,1
2003/12/01 09:45:49.797037,179.0,1,177.75,1
2003/12/01 09:45:50.108356,178.12,1,177.85,1
2003/12/01 09:45:50.112199,178.12,1,177.85,2
2003/12/01 09:45:50.112228,178.12,1,177.85,1
2003/12/01 09:45:50.909604,178.12,1,177.85,2
2003/12/01 09:45:53.720076,178.12,1,177.9,1
2003/12/01 09:45:57.270483,179.0,1,177.75,1
2003/12/01 09:46:00.191136,178.16,4,177.9,1
2003/12/01 09:46:00.191210,178.11,1,177.9,1
2003/12/01 09:46:07.765926,178.11,1,177.9,2
2003/12/01 09:46:10.453132,178.08,4,177.9,2
2003/12/01 09:46:15.851618,179.0,1,177.75,1
2003/12/01 09:46:24.731707,179.0,1,177.75,1
2003/12/01 09:46:28.415337,179.0,1,177.75,1
2003/12/01 09:46:38.831969,178.04,2,177.86,4
2003/12/01 09:46:39.266331,179.0,1,177.75,1
2003/12/01 09:46:43.465130,178.08,4,177.87,1
2003/12/01 09:46:43.465132,178.08,4,177.85,1
2003/12/01 09:47:09.579716,178.09,1,177.85,1
2003/12/01 09:47:09.583817,178.34,3,177.85,1
2003/12/01 09:47:09.583873,178.34,3,177.85,2
2003/12/01 09:47:09.583915,178.17,1,177.85,2
2003/12/01 09:47:09.584509,178.17,1,177.85,1
2003/12/01 09:47:09.640012,178.16,4,177.85,1
2003/12/01 09:47:10.021446,178.08,4,177.85,1
2003/12/01 09:47:14.235142,177.89,13,177.86,4
2003/12/01 09:47:14.728443,178.0,4,177.85,1
2003/12/01 09:47:14.974788,178.05,1,177.85,1
2003/12/01 09:47:14.975248,177.89,11,177.86,4
2003/12/01 09:47:14.975335,177.89,10,177.86,4
2003/12/01 09:47:14.978505,178.34,3,177.85,1
2003/12/01 09:47:15.033813,178.08,4,177.85,1
2003/12/01 09:47:15.276092,177.89,9,177.86,4
2003/12/01 09:47:15.276145,177.89,7,177.86,4
2003/12/01 09:47:15.820713,178.0,4,177.85,1
2003/12/01 09:47:16.240347,177.89,8,177.86,4
2003/12/01 09:47:16.313831,177.89,8,177.86,4
2003/12/01 09:47:16.900937,177.89,8,177.8,3
2003/12/01 09:47:18.539538,177.89,8,177.8,3
2003/12/01 09:47:19.816180,177.89,8,177.81,4
2003/12/01 09:47:26.300288,177.89,8,177.81,4
2003/12/01 09:47:26.541260,177.89,7,177.81,4
2003/12/01 09:47:26.885877,177.89,7,177.81,4
2003/12/01 09:47:27.765881,177.89,7,177.81,4
2003/12/01 09:47:28.440196,177.89,7,177.81,4
2003/12/01 09:47:31.013028,177.89,10,177.81,4
2003/12/01 09:47:33.584394,177.89,10,177.81,4
2003/12/01 09:47:35.838635,177.89,10,177.81,4
2003/12/01 09:47:38.647571,177.89,10,177.81,4
2003/12/01 09:47:39.108161,177.89,10,177.81,4
2003/12/01 09:47:41.600215,177.89,12,177.81,4
2003/12/01 09:47:42.547058,177.89,12,177.81,4
2003/12/01 09:47:44.537664,177.89,12,177.8,3
2003/12/01 09:47:47.331055,177.89,12,177.8,3
2003/12/01 09:47:49.472286,177.89,12,177.8,3
2003/12/01 09:47:54.221934,178.0,4,177.84,4
2003/12/01 09:47:54.222041,178.0,4,177.8,1
2003/12/01 09:47:54.292526,178.0,4,177.77,1
2003/12/01 09:47:54.292629,178.0,4,177.78,1
2003/12/01 09:47:56.537268,177.89,12,177.81,4
2003/12/01 09:48:12.710474,178.0,4,177.8,1
2003/12/01 09:48:18.722901,177.89,8,177.81,4
2003/12/01 09:48:18.726179,177.89,6,177.81,4
2003/12/01 09:48:18.727177,177.89,1,177.8,3
2003/12/01 09:48:20.729306,178.03,1,177.8,3
2003/12/01 09:48:22.670916,177.99,4,177.8,3
2003/12/01 09:48:22.732529,177.96,2,177.8,3
2003/12/01 09:48:26.786685,177.95,3,177.8,3
2003/12/01 09:48:29.735361,177.95,5,177.8,3
2003/12/01 09:48:30.253112,177.95,5,177.8,4
2003/12/01 09:48:30.516101,177.95,5,177.8,3
2003/12/01 09:48:30.516240,177.95,5,177.8,4
2003/12/01 09:48:30.556173,177.95,5,177.8,3
2003/12/01 09:48:30.617728,178.0,4,177.84,4
2003/12/01 09:48:33.347734,178.0,4,177.8,1
2003/12/01 09:48:33.348693,177.84,2,177.8,3
2003/12/01 09:48:33.351103,178.04,1,177.8,1
2003/12/01 09:48:33.351194,177.95,5,177.84,5
2003/12/01 09:48:33.424488,177.95,5,177.8,3
2003/12/01 09:48:33.958520,177.95,5,177.8,4
2003/12/01 09:48:43.598479,179.0,1,177.75,1
2003/12/01 09:48:47.245455,178.0,4,177.8,1
2003/12/01 09:48:47.995537,178.0,4,177.77,1
2003/12/01 09:48:47.995789,178.0,4,177.8,1
2003/12/01 09:49:03.438012,177.95,1,177.8,4
2003/12/01 09:49:03.587594,178.0,4,177.8,3
2003/12/01 09:49:04.601075,178.04,1,177.8,3
2003/12/01 09:49:04.998590,178.04,1,177.8,2
2003/12/01 09:49:04.998656,178.04,1,177.8,3
2003/12/01 09:49:05.099085,178.04,1,177.84,4
2003/12/01 09:49:05.440211,178.05,1,177.8,4
2003/12/01 09:49:05.683999,177.99,3,177.8,4
2003/12/01 09:49:07.445838,177.99,5,177.8,4
2003/12/01 09:49:07.812615,177.99,1,177.8,4
2003/12/01 09:49:07.999029,178.04,1,177.8,3
2003/12/01 09:49:09.377854,177.98,3,177.8,4
2003/12/01 09:49:13.193279,178.04,1,177.84,4
2003/12/01 09:49:14.448908,177.97,1,177.8,4
2003/12/01 09:49:18.799922,177.97,1,177.8,3
2003/12/01 09:49:19.730253,178.04,1,177.8,3
2003/12/01 09:49:20.094911,178.04,1,177.84,4
2003/12/01 09:49:23.189516,178.05,1,177.8,3
2003/12/01 09:49:24.018845,178.03,4,177.8,3
2003/12/01 09:49:24.769244,178.03,4,177.84,2
2003/12/01 09:49:25.192556,178.02,1,177.84,2
2003/12/01 09:49:37.923151,178.02,1,177.84,2
2003/12/01 09:49:57.378472,178.04,1,177.92,4
2003/12/01 09:49:57.791314,178.01,3,177.84,2
2003/12/01 09:50:00.939970,178.05,1,177.84,2
2003/12/01 09:50:01.206383,178.04,2,177.84,2
2003/12/01 09:50:02.638207,178.03,3,177.84,2
2003/12/01 09:50:06.718642,178.03,4,177.84,2
2003/12/01 09:50:08.209095,178.02,1,177.84,2
2003/12/01 09:50:12.312416,178.04,1,177.92,6
2003/12/01 09:50:14.139541,178.02,1,177.9,2
2003/12/01 09:50:16.322695,178.02,1,177.84,2
2003/12/01 09:50:19.041184,178.02,2,177.84,2
2003/12/01 09:50:19.041385,178.04,1,177.92,2
2003/12/01 09:50:19.043302,178.03,4,177.84,2
2003/12/01 09:50:19.410816,178.04,1,177.92,6
2003/12/01 09:50:21.047104,177.96,2,177.84,2
2003/12/01 09:50:23.652381,177.96,1,177.84,2
2003/12/01 09:50:24.547123,178.03,4,177.84,2
2003/12/01 09:50:24.547205,178.03,4,177.92,1
2003/12/01 09:50:24.551318,178.03,4,177.84,2
2003/12/01 09:50:25.397201,178.03,4,177.92,1
2003/12/01 09:50:28.539661,178.04,1,177.92,2
2003/12/01 09:50:28.894851,178.08,4,177.92,2
2003/12/01 09:50:28.995453,178.08,4,177.92,6
2003/12/01 09:50:29.569109,179.0,1,177.75,1
2003/12/01 09:50:29.853220,177.96,1,177.92,1
2003/12/01 09:50:30.200872,178.11,1,177.92,6
2003/12/01 09:50:30.201327,178.03,4,177.92,1
2003/12/01 09:50:30.201560,178.34,3,177.92,6
2003/12/01 09:50:30.256095,178.16,4,177.92,6
2003/12/01 09:50:30.549818,178.13,1,177.92,6
2003/12/01 09:50:31.028073,178.08,4,177.92,6
2003/12/01 09:50:31.858367,177.96,1,177.92,1
2003/12/01 09:50:32.851232,177.96,1,177.89,1
2003/12/01 09:50:32.914153,177.96,1,177.84,2
2003/12/01 09:50:32.914217,177.96,1,177.91,1
2003/12/01 09:50:33.477232,177.96,1,177.91,1
2003/12/01 09:50:33.494907,178.03,4,177.91,1
2003/12/01 09:50:33.494977,178.03,4,177.93,1
2003/12/01 09:50:33.499148,178.03,4,177.91,1
2003/12/01 09:50:33.781032,178.02,1,177.91,1
2003/12/01 09:50:34.297644,178.02,1,177.84,2
2003/12/01 09:50:34.297723,178.08,4,177.92,5
2003/12/01 09:50:34.297840,178.08,4,177.92,1
2003/12/01 09:50:34.663913,178.08,4,177.92,5
2003/12/01 09:50:34.730306,178.12,1,177.92,5
2003/12/01 09:50:34.734008,178.34,3,177.92,5
2003/12/01 09:50:34.789079,178.16,4,177.92,5
2003/12/01 09:50:35.192909,178.16,4,177.92,1
2003/12/01 09:50:35.255561,178.14,1,177.92,1
2003/12/01 09:50:36.098521,178.02,1,177.84,2
2003/12/01 09:50:37.090394,178.14,1,177.84,5
2003/12/01 09:50:37.260138,178.14,1,177.84,1
2003/12/01 09:50:37.260140,178.14,1,177.92,2
2003/12/01 09:50:38.784881,178.14,1,177.84,1
2003/12/01 09:50:38.784893,178.14,1,177.84,5
2003/12/01 09:50:39.276710,178.14,1,177.92,4
2003/12/01 09:50:39.315777,178.01,4,177.84,2
2003/12/01 09:50:41.046881,178.16,4,177.92,4
2003/12/01 09:50:41.046982,178.13,1,177.92,4
2003/12/01 09:50:42.619407,178.0,1,177.84,2
2003/12/01 09:50:42.956552,178.0,1,177.92,1
2003/12/01 09:50:44.293852,178.13,1,177.84,1
2003/12/01 09:50:44.293868,178.13,1,177.84,5
2003/12/01 09:50:44.782928,178.13,1,177.92,4
2003/12/01 09:50:45.591377,179.0,1,177.75,1
2003/12/01 09:50:47.645582,179.0,1,177.75,1
2003/12/01 09:50:49.154507,178.13,1,177.92,3
2003/12/01 09:50:49.154553,179.0,1,177.75,1
2003/12/01 09:50:49.154669,178.13,1,177.84,1
2003/12/01 09:50:49.196164,178.0,1,177.92,3
2003/12/01 09:50:49.273370,178.13,1,177.84,5
2003/12/01 09:50:49.522699,178.13,1,177.92,4
2003/12/01 09:50:49.669525,178.13,1,177.92,3
2003/12/01 09:50:51.345774,178.05,1,177.92,3
2003/12/01 09:50:53.349193,178.03,1,177.92,3
2003/12/01 09:51:02.058498,178.02,4,177.92,3
2003/12/01 09:51:04.063490,178.01,1,177.92,3
2003/12/01 09:51:08.955427,179.0,1,177.75,1
2003/12/01 09:51:15.886028,178.13,1,177.92,4
2003/12/01 09:51:17.590950,178.01,2,177.92,3
2003/12/01 09:51:21.399885,178.13,1,177.92,1
2003/12/01 09:51:21.399961,178.01,2,177.92,1
2003/12/01 09:51:21.764140,178.13,1,177.92,5
2003/12/01 09:51:24.035549,178.01,2,177.92,2
2003/12/01 09:51:30.242483,178.13,1,177.92,6
2003/12/01 09:51:32.024458,178.01,1,177.92,2
2003/12/01 09:51:34.026613,178.05,1,177.92,2
2003/12/01 09:51:34.102496,178.16,4,177.92,6
2003/12/01 09:51:34.102559,178.16,5,177.92,6
2003/12/01 09:51:36.030433,178.03,1,177.92,2
2003/12/01 09:51:39.205105,178.16,5,177.93,3
2003/12/01 09:51:41.765614,179.0,1,177.93,2
2003/12/01 09:51:54.992043,179.0,1,177.75,1
2003/12/01 09:51:56.505552,178.16,5,177.92,6
2003/12/01 09:51:56.549844,178.16,5,177.93,1
2003/12/01 09:52:02.964183,178.03,1,177.93,1
2003/12/01 09:52:05.151989,178.05,1,177.93,1
2003/12/01 09:52:10.366614,179.0,1,177.75,1
2003/12/01 09:52:14.743050,178.16,4,177.93,1
2003/12/01 09:52:16.325373,178.05,1,177.93,3
2003/12/01 09:52:16.656160,179.0,1,177.75,1
2003/12/01 09:52:18.092990,178.18,1,177.93,1
2003/12/01 09:52:18.093031,178.34,3,177.93,1
2003/12/01 09:52:18.093445,178.09,4,177.93,3
2003/12/01 09:52:18.154601,178.24,4,177.93,1
2003/12/01 09:52:18.206668,178.24,4,178.0,4
2003/12/01 09:52:18.464985,178.16,4,178.0,4
2003/12/01 09:52:19.069532,178.09,3,177.93,3
2003/12/01 09:52:19.072625,178.34,2,178.0,4
2003/12/01 09:52:19.073191,178.09,3,177.93,3
2003/12/01 09:52:19.073230,178.09,2,177.93,3
2003/12/01 09:52:19.128869,178.32,4,178.0,4
2003/12/01 09:52:19.499303,178.24,4,178.0,4
2003/12/01 09:52:22.327790,178.24,4,177.93,1
2003/12/01 09:52:22.327873,178.0,2,177.93,3
2003/12/01 09:52:22.328324,178.09,3,177.93,3
2003/12/01 09:52:22.328334,178.09,2,177.93,3
2003/12/01 09:52:22.328777,178.0,3,177.93,3
2003/12/01 09:52:22.450724,178.09,2,177.93,3
2003/12/01 09:52:22.450789,178.09,2,177.95,1
2003/12/01 09:52:22.454971,178.09,2,177.93,3
2003/12/01 09:52:22.696341,178.24,4,178.0,4
2003/12/01 09:52:27.768472,178.24,4,177.93,1
2003/12/01 09:52:32.574507,178.09,2,177.95,2
2003/12/01 09:52:44.474679,178.1,2,177.95,2
2003/12/01 09:52:50.544024,178.0,7,177.95,2
2003/12/01 09:52:51.219699,178.16,4,177.93,1
2003/12/01 09:52:53.343065,177.95,4,177.93,3
2003/12/01 09:52:53.343520,178.1,2,177.93,3
2003/12/01 09:52:54.865901,178.16,4,177.92,5
2003/12/01 09:52:57.443339,178.09,2,177.93,3
2003/12/01 09:53:01.628551,178.08,1,177.93,3
2003/12/01 09:53:13.926809,179.0,1,177.75,1
2003/12/01 09:53:14.121299,178.08,1,177.93,4
2003/12/01 09:53:14.969476,179.0,1,177.75,1
2003/12/01 09:53:19.844650,178.08,1,177.93,3
2003/12/01 09:53:19.844917,178.08,1,177.93,4
2003/12/01 09:53:19.898258,178.08,1,177.93,3
2003/12/01 09:53:22.194366,178.07,2,177.93,3
2003/12/01 09:53:25.595125,178.06,1,177.93,3
2003/12/01 09:53:30.413973,178.06,1,177.95,1
2003/12/01 09:53:42.573205,178.1,1,177.95,1
2003/12/01 09:53:42.855559,178.1,1,178.03,1
2003/12/01 09:53:43.040777,178.09,2,178.03,1
2003/12/01 09:53:44.343097,178.1,1,178.03,1
2003/12/01 09:53:44.575769,178.09,1,178.03,1
2003/12/01 09:53:53.358864,178.09,1,178.03,1
2003/12/01 09:53:53.662242,178.1,1,178.03,1
2003/12/01 09:53:53.975359,178.1,1,178.03,1
2003/12/01 09:53:55.703545,178.09,1,178.03,1
2003/12/01 09:53:55.737748,178.13,2,177.92,5
2003/12/01 09:53:57.385649,178.09,1,178.06,1
2003/12/01 09:53:59.496270,178.09,1,177.95,1
2003/12/01 09:54:06.947133,178.08,2,177.95,1
2003/12/01 09:54:08.952172,178.07,1,177.95,1
2003/12/01 09:54:13.359485,178.13,2,177.92,1
2003/12/01 09:54:13.359523,178.07,1,177.93,2
2003/12/01 09:54:13.359655,179.0,1,177.75,1
2003/12/01 09:54:13.422609,178.07,1,177.93,3
2003/12/01 09:54:13.427540,178.07,1,177.93,2
2003/12/01 09:54:13.554748,178.07,1,177.93,3
2003/12/01 09:54:13.725893,178.13,2,177.92,5
2003/12/01 09:54:14.967751,178.07,1,177.93,2
2003/12/01 09:54:16.884961,178.13,2,177.92,4
2003/12/01 09:54:21.143983,178.13,1,177.93,2
2003/12/01 09:54:21.165019,178.12,2,177.93,2
2003/12/01 09:54:23.146899,178.11,1,177.93,2
2003/12/01 09:54:24.738365,179.0,1,177.75,1
2003/12/01 09:54:32.233530,178.11,1,177.93,3
2003/12/01 09:54:32.952661,178.11,1,177.93,2
2003/12/01 09:54:32.952801,178.11,1,177.93,3
2003/12/01 09:54:36.951858,179.0,1,177.75,1
2003/12/01 09:54:36.952169,179.0,1,177.75,1
2003/12/01 09:54:37.282296,178.11,1,177.93,3
2003/12/01 09:54:42.798695,178.16,4,177.92,4
2003/12/01 09:54:45.076028,178.34,2,177.92,4
2003/12/01 09:54:45.176661,178.24,4,177.92,4
2003/12/01 09:54:45.193394,179.0,1,177.75,1
2003/12/01 09:54:49.298679,179.0,1,177.75,1
2003/12/01 09:54:54.210199,178.15,1,177.92,4
2003/12/01 09:54:55.777393,178.11,1,177.93,2
2003/12/01 09:54:55.777587,178.15,1,177.8,1
2003/12/01 09:54:55.832412,178.15,1,177.92,4
2003/12/01 09:54:58.801407,178.11,1,177.93,3
2003/12/01 09:54:58.837927,179.0,1,177.75,1
2003/12/01 09:54:58.838230,179.0,1,177.75,1
2003/12/01 09:54:58.848647,178.11,1,177.93,2
2003/12/01 09:55:01.048698,178.11,1,177.93,3
2003/12/01 09:55:03.789251,178.11,1,177.93,2
2003/12/01 09:55:03.842461,178.11,1,177.93,3
2003/12/01 09:55:03.843748,178.11,1,177.93,2
2003/12/01 09:55:04.639883,178.06,12,177.93,2
2003/12/01 09:55:04.785184,178.06,12,177.93,3
2003/12/01 09:55:04.795321,178.06,12,177.93,2
2003/12/01 09:55:04.995494,178.06,12,177.93,3
2003/12/01 09:55:05.422497,178.06,12,177.93,2
2003/12/01 09:55:06.644259,178.05,1,177.93,2
2003/12/01 09:55:06.660619,178.05,4,177.93,2
2003/12/01 09:55:06.752525,178.05,4,177.93,3
2003/12/01 09:55:06.862788,178.05,4,177.93,2
2003/12/01 09:55:07.360275,178.05,17,177.93,2
2003/12/01 09:55:11.975398,178.15,1,177.8,1
2003/12/01 09:55:11.975469,177.93,2,177.92,2
2003/12/01 09:55:11.975812,177.93,1,177.92,2
2003/12/01 09:55:11.976503,179.0,1,177.75,1
2003/12/01 09:55:11.976528,179.0,1,177.75,1
2003/12/01 09:55:11.977271,178.05,2,177.93,6
2003/12/01 09:55:12.032301,178.15,1,177.84,4
2003/12/01 09:55:12.077561,178.05,2,177.92,1
2003/12/01 09:55:12.145993,178.05,2,177.92,2
2003/12/01 09:55:12.405710,178.05,2,177.92,1
2003/12/01 09:55:13.979985,178.04,1,177.92,1
2003/12/01 09:55:23.529553,178.16,4,177.84,4
2003/12/01 09:55:24.531359,178.34,2,177.84,4
2003/12/01 09:55:24.955899,178.16,4,177.84,4
2003/12/01 09:55:25.957133,178.34,2,177.84,4
2003/12/01 09:55:26.381142,178.16,4,177.84,4
2003/12/01 09:55:27.385296,178.34,2,177.84,4
2003/12/01 09:55:27.810792,178.16,4,177.84,4
2003/12/01 09:55:38.232725,178.16,4,177.92,4
2003/12/01 09:55:41.301961,178.16,4,177.8,1
2003/12/01 09:55:41.301975,178.16,4,177.84,4
2003/12/01 09:55:43.404011,178.13,1,177.92,1
2003/12/01 09:55:45.406885,178.12,1,177.92,1
2003/12/01 09:55:45.567838,178.12,4,177.92,1
2003/12/01 09:55:45.789299,178.16,4,177.92,4
2003/12/01 09:55:47.510531,179.0,1,178.0,8
2003/12/01 09:55:47.584458,178.12,4,177.92,2
2003/12/01 09:55:50.101311,179.0,1,178.0,7
2003/12/01 09:55:51.372112,179.0,1,178.0,5
2003/12/01 09:55:52.361770,179.0,1,178.0,2
2003/12/01 09:55:52.907176,178.12,1,177.92,2
2003/12/01 09:55:53.603701,179.0,1,177.81,1
2003/12/01 09:55:53.603725,178.16,4,177.8,1
2003/12/01 09:55:53.658849,178.16,4,177.84,4
2003/12/01 09:55:55.747911,178.12,1,177.92,1
2003/12/01 09:55:58.007799,179.0,1,177.75,1
2003/12/01 09:55:58.877341,178.16,4,177.92,1
2003/12/01 09:55:59.648518,178.16,4,177.92,5
2003/12/01 09:55:59.738558,178.16,4,177.92,1
2003/12/01 09:56:00.262276,178.16,4,177.92,5
2003/12/01 09:56:00.351926,178.16,4,177.92,1
2003/12/01 09:56:01.764445,178.0,1,177.92,1
2003/12/01 09:56:03.622983,178.13,1,177.92,1
2003/12/01 09:56:03.771909,178.12,1,177.92,1
2003/12/01 09:56:03.897791,178.16,4,177.92,5
2003/12/01 09:56:05.536273,178.12,1,177.92,2
2003/12/01 09:56:17.553371,178.12,1,177.92,1
2003/12/01 09:56:17.652333,177.93,6,177.92,1
2003/12/01 09:56:17.652642,177.93,3,177.92,1
2003/12/01 09:56:17.653170,177.93,2,177.92,1
2003/12/01 09:56:17.715488,177.93,2,177.92,2
2003/12/01 09:56:17.722446,178.16,4,177.92,1
2003/12/01 09:56:17.794357,177.93,2,177.92,1
2003/12/01 09:56:17.970968,178.13,1,177.92,1
2003/12/01 09:56:18.292050,178.16,4,177.92,5
2003/12/01 09:56:19.657993,178.12,1,177.92,1
2003/12/01 09:56:19.721058,178.12,1,177.92,2
2003/12/01 09:56:19.729351,178.12,1,177.92,1
2003/12/01 09:56:26.651853,178.12,1,177.92,2
2003/12/01 09:56:29.917757,178.05,1,177.92,5
2003/12/01 09:56:45.534365,178.16,4,177.92,5
2003/12/01 09:56:49.844755,179.0,1,177.95,2
2003/12/01 09:56:54.140306,178.1,1,177.92,5
2003/12/01 09:56:54.140346,178.1,1,177.95,2
2003/12/01 09:56:54.140650,178.1,1,177.92,2
2003/12/01 09:56:56.144703,178.09,1,177.92,2
2003/12/01 09:57:04.715912,178.09,1,177.95,2
2003/12/01 09:57:12.954440,178.1,1,178.0,2
2003/12/01 09:57:26.495118,178.1,1,177.92,1
2003/12/01 09:57:35.610243,178.1,1,178.0,2
2003/12/01 09:57:35.610378,178.1,1,178.0,2
2003/12/01 09:57:45.376806,178.09,1,178.0,1
2003/12/01 09:57:47.699118,178.1,1,177.92,5
2003/12/01 09:58:19.293446,178.1,1,178.06,1
2003/12/01 09:58:19.293500,178.1,1,178.06,1
2003/12/01 09:58:19.902433,178.1,1,177.92,5
2003/12/01 09:58:19.902825,178.1,1,178.0,2
2003/12/01 09:58:39.062087,178.1,1,178.0,1
2003/12/01 09:58:45.277318,178.1,1,178.03,1
2003/12/01 09:58:49.035252,178.1,1,178.0,1
2003/12/01 09:58:57.812035,178.1,1,178.0,1
2003/12/01 09:58:59.659532,178.1,1,178.0,2
2003/12/01 09:58:59.661994,178.1,1,178.0,2
2003/12/01 09:59:10.154213,178.1,1,178.0,2
2003/12/01 09:59:12.395129,178.1,1,178.0,2
2003/12/01 09:59:13.816661,178.1,1,177.75,1
2003/12/01 09:59:13.816674,179.0,1,177.75,1
2003/12/01 09:59:13.816833,179.0,1,178.02,2
2003/12/01 09:59:13.816960,179.0,1,178.02,1
2003/12/01 09:59:13.817030,179.0,1,177.75,1
2003/12/01 09:59:13.818616,178.13,1,178.0,1
2003/12/01 09:59:13.818784,178.1,1,177.75,1
2003/12/01 09:59:13.988097,178.1,1,178.0,5
2003/12/01 09:59:13.994591,178.1,1,178.0,1
2003/12/01 09:59:46.396253,178.1,1,178.08,12
2003/12/01 09:59:46.398510,178.1,1,178.08,11
2003/12/01 09:59:46.704312,178.1,1,178.08,10
2003/12/01 09:59:55.735509,178.13,1,178.08,1
2003/12/01 09:59:57.116415,178.13,1,178.0,1
2003/12/01 09:59:57.459653,178.1,1,178.08,9
2003/12/01 09:59:58.208715,178.1,1,178.08,7
2003/12/01 09:59:58.814526,178.24,4,178.08,7
2003/12/01 09:59:59.547212,178.24,4,178.08,6
