Time,PRICE,SIZE
2003/12/01 09:00:00.086545,178.26,246
2003/12/01 09:00:00.245208,178.26,1
2003/12/01 09:00:00.245503,178.26,1
2003/12/01 09:00:00.387100,178.21,9
2003/12/01 09:00:00.387105,178.21,12
2003/12/01 09:00:00.668718,178.21,1
2003/12/01 09:00:07.176417,178.26,1
2003/12/01 09:00:07.186272,178.26,1
2003/12/01 09:00:07.192616,178.26,10
2003/12/01 09:00:07.715379,178.26,1
2003/12/01 09:00:07.717865,178.26,1
2003/12/01 09:00:07.723083,178.26,1
2003/12/01 09:00:07.731644,178.26,1
2003/12/01 09:00:07.735723,178.26,1
2003/12/01 09:00:07.741519,178.26,1
2003/12/01 09:00:07.747509,178.26,1
2003/12/01 09:00:07.749612,178.26,1
2003/12/01 09:00:09.216140,178.26,1
2003/12/01 09:00:10.203704,178.26,4
2003/12/01 09:00:10.313050,178.26,1
2003/12/01 09:00:10.327050,178.26,1
2003/12/01 09:00:10.327509,178.26,1
2003/12/01 09:00:10.378800,178.26,1
2003/12/01 09:00:10.398074,178.26,1
2003/12/01 09:00:10.408741,178.26,1
2003/12/01 09:00:10.409726,178.26,1
2003/12/01 09:00:10.423127,178.26,1
2003/12/01 09:00:10.423777,178.26,1
2003/12/01 09:00:10.450847,178.26,1
2003/12/01 09:00:10.639830,178.26,1
2003/12/01 09:00:10.658023,178.26,1
2003/12/01 09:00:10.658239,178.26,1
2003/12/01 09:00:10.658567,178.26,1
2003/12/01 09:00:10.664382,178.26,1
2003/12/01 09:00:10.678148,178.26,1
2003/12/01 09:00:10.678548,178.26,1
2003/12/01 09:00:10.694797,178.26,1
2003/12/01 09:00:10.717396,178.26,1
2003/12/01 09:00:10.717566,178.26,4
2003/12/01 09:00:10.718179,178.26,1
2003/12/01 09:00:10.720827,178.26,1
2003/12/01 09:00:10.721050,178.26,1
2003/12/01 09:00:10.726636,178.26,1
2003/12/01 09:00:10.958900,178.26,1
2003/12/01 09:00:11.040091,178.26,1
2003/12/01 09:00:11.093680,178.26,1
2003/12/01 09:00:11.096859,178.26,1
2003/12/01 09:00:11.100876,178.26,1
2003/12/01 09:00:11.147652,178.32,1
2003/12/01 09:00:11.153838,178.32,1
2003/12/01 09:00:19.636055,178.32,13
2003/12/01 09:00:19.748290,178.37,8
2003/12/01 09:00:19.748675,178.32,20
2003/12/01 09:00:28.253625,178.26,35
2003/12/01 09:00:28.253626,178.21,19
2003/12/01 09:00:33.044645,178.22,100
2003/12/01 09:00:33.047760,178.21,281
2003/12/01 09:00:33.047760,178.21,119
2003/12/01 09:00:33.110853,178.21,10
2003/12/01 09:00:33.567123,178.21,117
2003/12/01 09:00:37.839568,178.22,34
2003/12/01 09:00:44.320167,178.37,15
2003/12/01 09:00:46.951282,178.37,14
2003/12/01 09:00:57.840155,178.38,3
2003/12/01 09:00:59.960430,178.36,1
2003/12/01 09:01:01.234199,178.3,20
2003/12/01 09:01:03.570652,178.35,11
2003/12/01 09:01:03.570758,178.35,7
2003/12/01 09:01:04.040776,178.36,1
2003/12/01 09:01:05.572478,178.29,1
2003/12/01 09:01:12.329538,178.35,10
2003/12/01 09:01:12.907850,178.35,2
2003/12/01 09:01:13.649054,178.35,88
2003/12/01 09:01:14.199132,178.35,25
2003/12/01 09:01:17.663875,178.35,1
2003/12/01 09:01:20.080338,178.35,18
2003/12/01 09:01:20.080339,178.35,17
2003/12/01 09:01:20.080575,178.35,15
2003/12/01 09:01:20.601138,178.35,10
2003/12/01 09:01:20.690968,178.35,30
2003/12/01 09:01:23.409397,178.35,50
2003/12/01 09:01:28.207460,178.35,27
2003/12/01 09:01:29.416911,178.35,1
2003/12/01 09:01:33.885020,178.35,1
2003/12/01 09:01:34.553139,178.35,1
2003/12/01 09:01:34.553373,178.35,1
2003/12/01 09:01:37.603960,178.25,3
2003/12/01 09:01:37.670135,178.25,1
2003/12/01 09:01:37.850474,178.25,1
2003/12/01 09:01:37.857434,178.25,1
2003/12/01 09:01:37.933618,178.25,1
2003/12/01 09:01:37.963789,178.25,1
2003/12/01 09:01:38.144731,178.25,1
2003/12/01 09:01:38.201389,178.25,1
2003/12/01 09:01:38.384847,178.25,1
2003/12/01 09:01:38.406295,178.25,1
2003/12/01 09:01:38.445105,178.25,1
2003/12/01 09:01:38.725399,178.25,3
2003/12/01 09:01:39.231725,178.25,1
2003/12/01 09:01:39.249888,178.25,1
2003/12/01 09:01:39.818117,178.25,1
2003/12/01 09:01:39.853566,178.25,1
2003/12/01 09:01:40.088526,178.32,20
2003/12/01 09:01:40.095364,178.25,1
2003/12/01 09:01:40.597127,178.25,1
2003/12/01 09:01:40.696598,178.25,1
2003/12/01 09:01:40.749107,178.35,2
2003/12/01 09:01:40.759020,178.25,2
2003/12/01 09:01:40.790270,178.24,1
2003/12/01 09:01:40.823721,178.24,1
2003/12/01 09:01:40.876936,178.24,1
2003/12/01 09:01:41.091778,178.24,97
2003/12/01 09:01:41.091778,178.22,3
2003/12/01 09:01:41.126105,178.22,4
2003/12/01 09:01:41.126105,178.21,1
2003/12/01 09:01:41.207084,178.21,2
2003/12/01 09:01:41.269746,178.21,1
2003/12/01 09:01:41.481374,178.21,2
2003/12/01 09:01:41.502300,178.21,2
2003/12/01 09:01:41.872066,178.22,1
2003/12/01 09:01:42.094575,178.22,1
2003/12/01 09:01:42.174002,178.22,1
2003/12/01 09:01:42.235938,178.22,1
2003/12/01 09:01:42.357940,178.22,50
2003/12/01 09:01:42.455292,178.22,1
2003/12/01 09:01:42.970100,178.22,1
2003/12/01 09:01:43.426768,178.25,1
2003/12/01 09:01:43.449021,178.25,2
2003/12/01 09:01:43.449021,178.22,4
2003/12/01 09:01:43.564733,178.22,1
2003/12/01 09:01:46.279867,178.35,5
2003/12/01 09:01:46.279978,178.34,1
2003/12/01 09:01:55.831733,178.34,2
2003/12/01 09:02:13.884474,178.33,1
2003/12/01 09:02:13.884549,178.33,250
2003/12/01 09:02:13.884620,178.33,119
2003/12/01 09:02:14.425051,178.34,1
2003/12/01 09:02:20.188559,178.29,1
2003/12/01 09:02:23.183889,178.34,17
2003/12/01 09:02:23.183980,178.34,3
2003/12/01 09:02:23.183987,178.34,150
2003/12/01 09:02:23.183987,178.34,74
2003/12/01 09:02:23.184076,178.34,250
2003/12/01 09:02:23.184484,178.34,44
2003/12/01 09:02:29.396522,178.33,1
2003/12/01 09:02:35.515297,178.33,10
2003/12/01 09:02:38.061428,178.33,1
2003/12/01 09:02:39.664148,178.33,1
2003/12/01 09:02:40.540120,178.33,58
2003/12/01 09:02:46.408321,178.33,1
2003/12/01 09:02:49.915595,178.33,20
2003/12/01 09:02:52.161269,178.33,3
2003/12/01 09:02:54.421383,178.34,1
2003/12/01 09:02:56.953755,178.33,1
2003/12/01 09:02:57.909834,178.3,1
2003/12/01 09:02:58.309481,178.29,5
2003/12/01 09:02:58.309481,178.29,5
2003/12/01 09:02:58.309894,178.31,112
2003/12/01 09:02:58.309896,178.32,88
2003/12/01 09:03:00.351989,178.32,4
2003/12/01 09:03:01.251745,178.34,3
2003/12/01 09:03:03.682402,178.33,16
2003/12/01 09:03:04.656793,178.28,2
2003/12/01 09:03:13.771916,178.33,2
2003/12/01 09:03:15.910706,178.28,2
2003/12/01 09:03:16.679944,178.32,1
2003/12/01 09:03:16.833009,178.28,1
2003/12/01 09:03:16.833020,178.28,5
2003/12/01 09:03:16.833020,178.28,9
2003/12/01 09:03:16.833020,178.28,4
2003/12/01 09:03:16.833020,178.28,1
2003/12/01 09:03:16.833029,178.26,50
2003/12/01 09:03:16.833033,178.25,10
2003/12/01 09:03:16.833034,178.24,1
2003/12/01 09:03:16.833034,178.24,45
2003/12/01 09:03:16.833087,178.28,4
2003/12/01 09:03:16.833089,178.28,115
2003/12/01 09:03:23.225379,178.28,29
2003/12/01 09:03:23.225379,178.3,50
2003/12/01 09:03:23.225380,178.3,50
2003/12/01 09:03:23.225380,178.31,11
2003/12/01 09:03:31.116305,178.3,200
2003/12/01 09:03:31.116323,178.3,167
2003/12/01 09:03:38.473864,178.28,1
2003/12/01 09:03:38.473866,178.28,3
2003/12/01 09:03:38.537157,178.28,16
2003/12/01 09:03:50.223103,178.3,1
2003/12/01 09:03:51.795630,178.3,10
2003/12/01 09:03:59.385015,178.3,1
2003/12/01 09:04:00.092104,178.28,2
2003/12/01 09:04:00.092106,178.28,2
2003/12/01 09:04:00.092208,178.28,10
2003/12/01 09:04:00.092208,178.24,50
2003/12/01 09:04:00.092208,178.24,50
2003/12/01 09:04:00.092208,178.23,100
2003/12/01 09:04:00.092217,178.23,90
2003/12/01 09:04:02.973321,178.3,2
2003/12/01 09:04:04.827280,178.23,100
2003/12/01 09:04:04.827280,178.23,19
2003/12/01 09:04:04.827280,178.22,10
2003/12/01 09:04:04.827280,178.22,50
2003/12/01 09:04:04.827289,178.22,50
2003/12/01 09:04:04.827360,178.25,1
2003/12/01 09:04:04.827363,178.25,15
2003/12/01 09:04:04.827772,178.25,5
2003/12/01 09:04:04.827774,178.25,3
2003/12/01 09:04:04.828187,178.23,1
2003/12/01 09:04:10.056685,178.28,50
2003/12/01 09:04:10.056685,178.28,50
2003/12/01 09:04:10.059036,178.3,85
2003/12/01 09:04:10.305273,178.22,1
2003/12/01 09:04:14.557135,178.23,10
2003/12/01 09:04:14.558970,178.22,50
2003/12/01 09:04:14.559018,178.22,250
2003/12/01 09:04:14.559073,178.22,70
2003/12/01 09:04:18.382315,178.22,8
2003/12/01 09:04:20.965103,178.28,7
2003/12/01 09:04:28.457792,178.28,1
2003/12/01 09:04:28.457822,178.22,46
2003/12/01 09:04:28.457825,178.22,4
2003/12/01 09:04:28.457827,178.22,50
2003/12/01 09:04:28.457850,178.22,10
2003/12/01 09:04:28.457887,178.22,2
2003/12/01 09:04:28.457887,178.22,2
2003/12/01 09:04:28.457887,178.22,1
2003/12/01 09:04:28.457887,178.22,1
2003/12/01 09:04:28.457897,178.22,1
2003/12/01 09:04:28.457897,178.21,165
2003/12/01 09:04:28.457901,178.21,981
2003/12/01 09:04:28.457901,178.2,2
2003/12/01 09:04:28.457908,178.2,50
2003/12/01 09:04:28.457908,178.19,10
2003/12/01 09:04:28.457955,178.22,36
2003/12/01 09:04:28.457989,178.18,638
2003/12/01 09:04:28.458909,178.22,1
2003/12/01 09:04:28.459026,178.18,111
2003/12/01 09:04:29.034749,178.25,22
2003/12/01 09:04:29.035142,178.26,23
2003/12/01 09:04:29.138973,178.25,4
2003/12/01 09:04:34.112381,178.22,10
2003/12/01 09:04:34.112761,178.25,1
2003/12/01 09:04:35.334436,178.22,9
2003/12/01 09:04:41.227716,178.15,50
2003/12/01 09:04:41.689786,178.22,1
2003/12/01 09:04:43.875012,178.15,1
2003/12/01 09:04:43.986520,178.15,1
2003/12/01 09:04:44.220475,178.15,1
2003/12/01 09:04:44.414578,178.15,1
2003/12/01 09:04:44.577756,178.2,1
2003/12/01 09:04:44.577872,178.15,1
2003/12/01 09:04:44.963728,178.2,1
2003/12/01 09:04:45.666311,178.15,1
2003/12/01 09:04:46.009817,178.15,1
2003/12/01 09:04:46.452588,178.19,4
2003/12/01 09:04:46.452608,178.18,30
2003/12/01 09:04:47.314885,178.15,1
2003/12/01 09:04:47.767553,178.15,1
2003/12/01 09:04:47.903633,178.15,1
2003/12/01 09:04:47.909552,178.15,1
2003/12/01 09:04:48.250196,178.15,1
2003/12/01 09:04:48.489625,178.15,1
2003/12/01 09:04:48.951921,178.21,14
2003/12/01 09:04:48.951924,178.21,11
2003/12/01 09:04:49.313413,178.15,1
2003/12/01 09:04:49.602146,178.15,1
2003/12/01 09:04:49.775681,178.15,1
2003/12/01 09:04:50.021720,178.15,1
2003/12/01 09:04:50.179331,178.15,1
2003/12/01 09:04:50.782338,178.15,3
2003/12/01 09:04:50.977555,178.22,1
2003/12/01 09:04:51.121399,178.15,1
2003/12/01 09:04:51.258892,178.15,1
2003/12/01 09:04:51.379444,178.15,1
2003/12/01 09:04:51.591192,178.22,1
2003/12/01 09:04:52.085446,178.15,6
2003/12/01 09:04:52.319708,178.15,1
2003/12/01 09:04:52.683468,178.15,1
2003/12/01 09:04:53.396540,178.15,1
2003/12/01 09:04:53.437432,178.15,1
2003/12/01 09:04:53.486607,178.15,1
2003/12/01 09:04:53.653183,178.15,1
2003/12/01 09:04:53.703419,178.21,3
2003/12/01 09:04:53.720603,178.15,1
2003/12/01 09:04:53.780861,178.15,1
2003/12/01 09:04:54.050549,178.15,10
2003/12/01 09:04:54.177831,178.15,1
2003/12/01 09:04:54.240491,178.15,2
2003/12/01 09:04:54.264378,178.15,1
2003/12/01 09:04:54.327000,178.15,1
2003/12/01 09:04:54.742497,178.15,1
2003/12/01 09:04:56.126031,178.15,1
2003/12/01 09:04:56.134922,178.21,1
2003/12/01 09:04:56.351421,178.15,1
2003/12/01 09:04:56.695491,178.15,1
2003/12/01 09:04:57.332502,178.15,200
2003/12/01 09:04:57.493911,178.15,1
2003/12/01 09:04:57.638837,178.2,30
2003/12/01 09:04:57.820217,178.15,1
2003/12/01 09:04:58.284888,178.15,1
2003/12/01 09:04:58.705823,178.19,2
2003/12/01 09:04:58.835989,178.15,1
2003/12/01 09:04:59.171786,178.2,10
2003/12/01 09:04:59.613400,178.15,1
2003/12/01 09:05:00.705400,178.15,1
2003/12/01 09:05:00.946819,178.15,1
2003/12/01 09:05:01.618770,178.13,1
2003/12/01 09:05:02.229163,178.13,1
2003/12/01 09:05:02.269265,178.11,1
2003/12/01 09:05:02.269868,178.11,1
2003/12/01 09:05:02.337649,178.15,1
2003/12/01 09:05:04.692551,178.2,3
2003/12/01 09:05:04.748601,178.2,147
2003/12/01 09:05:04.748601,178.2,10
2003/12/01 09:05:04.748601,178.2,88
2003/12/01 09:05:04.749100,178.2,30
2003/12/01 09:05:04.756012,178.15,98
2003/12/01 09:05:04.756013,178.15,1
2003/12/01 09:05:04.756013,178.14,1
2003/12/01 09:05:05.368097,178.13,2
2003/12/01 09:05:05.586229,178.11,1
2003/12/01 09:05:08.598832,178.11,1
2003/12/01 09:05:09.578063,178.11,1
2003/12/01 09:05:15.296732,178.12,2
2003/12/01 09:05:15.535909,178.12,3
2003/12/01 09:05:19.954178,178.11,1
2003/12/01 09:05:36.754530,178.19,3
2003/12/01 09:05:40.202591,178.15,35
2003/12/01 09:05:42.552243,178.2,13
2003/12/01 09:05:44.542957,178.11,5
2003/12/01 09:05:44.542958,178.11,2
2003/12/01 09:05:45.229449,178.11,3
2003/12/01 09:05:45.229449,178.11,1
2003/12/01 09:05:45.229449,178.11,2
2003/12/01 09:05:53.923570,178.11,2
2003/12/01 09:05:57.599826,178.12,1
2003/12/01 09:05:57.601839,178.11,1
2003/12/01 09:06:01.254727,178.18,1
2003/12/01 09:06:02.260487,178.18,1
2003/12/01 09:06:04.001653,178.1,7
2003/12/01 09:06:06.212181,178.11,1
2003/12/01 09:06:06.212183,178.11,9
2003/12/01 09:06:06.450047,178.11,41
2003/12/01 09:06:06.450050,178.11,5
2003/12/01 09:06:06.450052,178.1,10
2003/12/01 09:06:06.450055,178.09,44
2003/12/01 09:06:16.435489,178.19,2
2003/12/01 09:06:19.432274,178.17,1
2003/12/01 09:06:37.718946,178.17,2
2003/12/01 09:06:47.260196,178.19,1
2003/12/01 09:06:50.932940,178.17,1
2003/12/01 09:06:52.915768,178.11,1
2003/12/01 09:06:52.915768,178.11,2
2003/12/01 09:06:52.915768,178.1,91
2003/12/01 09:06:52.915768,178.1,50
2003/12/01 09:06:52.915777,178.09,1
2003/12/01 09:06:52.915782,178.08,12
2003/12/01 09:06:52.915782,178.08,50
2003/12/01 09:06:52.915844,178.08,1
2003/12/01 09:06:52.915847,178.08,1
2003/12/01 09:06:52.916652,178.07,1
2003/12/01 09:06:52.916652,178.04,1
2003/12/01 09:06:52.916652,178.04,27
2003/12/01 09:06:52.916652,178.01,252
2003/12/01 09:06:53.177318,178.08,2
2003/12/01 09:06:53.177318,178.02,50
2003/12/01 09:06:53.177318,178.0,1
2003/12/01 09:06:53.177319,178.0,1
2003/12/01 09:06:53.177327,178.0,1
2003/12/01 09:06:53.177332,178.0,5
2003/12/01 09:06:53.177332,178.0,1
2003/12/01 09:06:53.177332,178.0,10
2003/12/01 09:06:53.177337,178.0,1
2003/12/01 09:06:53.177340,178.0,5
2003/12/01 09:06:53.177346,178.0,50
2003/12/01 09:06:53.177346,177.99,5
2003/12/01 09:06:53.177346,177.99,113
2003/12/01 09:06:53.177410,178.05,7
2003/12/01 09:06:53.715753,178.04,31
2003/12/01 09:06:53.715784,178.01,10
2003/12/01 09:06:55.195184,178.06,4
2003/12/01 09:06:56.287768,178.06,1
2003/12/01 09:06:58.121365,178.05,9
2003/12/01 09:06:58.121763,178.06,6
2003/12/01 09:07:02.856505,178.05,41
2003/12/01 09:07:02.856508,178.07,6
2003/12/01 09:07:05.422316,178.06,2
2003/12/01 09:07:10.929423,178.0,1
2003/12/01 09:07:13.127387,178.07,1
2003/12/01 09:07:14.387379,178.09,50
2003/12/01 09:07:14.387382,178.11,39
2003/12/01 09:07:14.387775,178.07,5
2003/12/01 09:07:14.387775,178.08,6
2003/12/01 09:07:16.655436,178.01,50
2003/12/01 09:07:16.655439,178.0,5
2003/12/01 09:07:16.655442,178.0,4
2003/12/01 09:07:16.655445,178.0,1
2003/12/01 09:07:16.655448,178.0,1
2003/12/01 09:07:16.655451,178.0,7
2003/12/01 09:07:16.655455,178.0,4
2003/12/01 09:07:16.655456,178.0,5
2003/12/01 09:07:16.655458,178.0,1
2003/12/01 09:07:16.655465,178.0,7
2003/12/01 09:07:16.655465,178.0,105
2003/12/01 09:07:16.655467,178.0,1
2003/12/01 09:07:16.655474,178.0,200
2003/12/01 09:07:16.655844,178.0,1
2003/12/01 09:07:16.655984,177.93,28
2003/12/01 09:07:16.656078,178.0,2
2003/12/01 09:07:16.656085,178.0,1
2003/12/01 09:07:16.656085,178.0,10
2003/12/01 09:07:16.656085,178.0,6
2003/12/01 09:07:16.656578,177.93,30
2003/12/01 09:07:16.656578,177.93,1
2003/12/01 09:07:17.114857,177.95,1
2003/12/01 09:07:20.960016,177.94,3
2003/12/01 09:07:23.722059,177.94,10
2003/12/01 09:07:32.227743,177.94,47
2003/12/01 09:07:32.227743,177.94,50
2003/12/01 09:07:32.227743,177.99,13
2003/12/01 09:07:32.271743,177.96,3
2003/12/01 09:07:33.949348,177.99,2
2003/12/01 09:07:37.545337,177.97,2
2003/12/01 09:07:37.756304,177.84,50
2003/12/01 09:07:37.756308,177.83,50
2003/12/01 09:07:37.756310,177.78,300
2003/12/01 09:07:37.756313,177.77,100
2003/12/01 09:07:37.756316,177.76,290
2003/12/01 09:07:37.756918,177.94,1
2003/12/01 09:07:37.756918,177.94,9
2003/12/01 09:07:37.756921,177.94,1
2003/12/01 09:07:38.339943,177.87,7
2003/12/01 09:07:48.547822,177.76,1
2003/12/01 09:07:48.547825,177.76,27
2003/12/01 09:07:55.603318,177.9,3
2003/12/01 09:07:57.362099,177.76,60
2003/12/01 09:07:58.508403,177.76,125
2003/12/01 09:07:59.227715,177.9,50
2003/12/01 09:08:01.007638,177.77,3
2003/12/01 09:08:01.232794,177.8,1
2003/12/01 09:08:01.232794,177.76,4
2003/12/01 09:08:05.339701,177.77,50
2003/12/01 09:08:05.339704,177.76,7
2003/12/01 09:08:05.339741,177.76,43
2003/12/01 09:08:08.048377,177.76,2
2003/12/01 09:08:13.579537,177.89,50
2003/12/01 09:08:13.579540,177.9,50
2003/12/01 09:08:14.835287,177.78,20
2003/12/01 09:08:21.445730,177.84,15
2003/12/01 09:08:21.446293,177.84,1
2003/12/01 09:08:23.756829,177.8,3
2003/12/01 09:08:23.756829,177.78,7
2003/12/01 09:08:26.135027,177.78,30
2003/12/01 09:08:31.314791,177.83,5
2003/12/01 09:08:31.314791,177.78,15
2003/12/01 09:08:31.380544,177.84,25
2003/12/01 09:08:33.814131,177.91,1
2003/12/01 09:08:38.593360,177.9,5
2003/12/01 09:08:43.942368,177.9,3
2003/12/01 09:08:43.942401,177.9,192
2003/12/01 09:08:44.111055,177.99,100
2003/12/01 09:08:44.256044,177.88,40
2003/12/01 09:08:47.888172,177.95,1
2003/12/01 09:08:51.094857,177.97,3
2003/12/01 09:09:06.490314,177.99,9
2003/12/01 09:09:06.490317,177.99,1
2003/12/01 09:09:06.490340,177.99,11
2003/12/01 09:09:06.490342,178.0,398
2003/12/01 09:09:06.490670,178.0,5
2003/12/01 09:09:06.490759,177.99,50
2003/12/01 09:09:06.490765,177.99,50
2003/12/01 09:09:06.490768,177.99,50
2003/12/01 09:09:06.490773,177.99,10
2003/12/01 09:09:06.490789,177.99,200
2003/12/01 09:09:06.490850,178.0,11
2003/12/01 09:09:06.490873,177.99,5
2003/12/01 09:09:06.490897,178.0,10
2003/12/01 09:09:06.490897,178.0,6
2003/12/01 09:09:07.809103,177.93,29
2003/12/01 09:09:07.809504,177.97,1
2003/12/01 09:09:08.270200,177.94,5
2003/12/01 09:09:11.456016,177.99,1
2003/12/01 09:09:11.456424,177.94,1
2003/12/01 09:09:29.811726,178.12,5
2003/12/01 09:09:37.362504,177.99,2
2003/12/01 09:09:37.362542,177.99,4
2003/12/01 09:09:41.753389,178.12,5
2003/12/01 09:09:44.702683,177.99,1
2003/12/01 09:09:45.964459,178.11,1
2003/12/01 09:09:48.617882,178.0,1
2003/12/01 09:10:06.749344,178.0,5
2003/12/01 09:10:11.125036,178.0,7
2003/12/01 09:10:11.125036,178.0,1
2003/12/01 09:10:11.125040,178.0,1
2003/12/01 09:10:11.125040,178.0,2
2003/12/01 09:10:11.125047,178.0,1
2003/12/01 09:10:11.125047,178.0,2
2003/12/01 09:10:11.150702,178.0,36
2003/12/01 09:10:11.470230,178.09,1
2003/12/01 09:10:15.946948,178.09,1
2003/12/01 09:10:17.295395,178.0,39
2003/12/01 09:10:17.295395,178.0,1
2003/12/01 09:10:17.295397,178.0,3
2003/12/01 09:10:17.295400,178.0,5
2003/12/01 09:10:17.295406,177.99,1
2003/12/01 09:10:17.295425,177.94,10
2003/12/01 09:10:17.295427,177.94,10
2003/12/01 09:10:17.295429,177.93,150
2003/12/01 09:10:17.295445,177.92,500
2003/12/01 09:10:17.295470,177.9,29
2003/12/01 09:10:17.295480,178.0,1
2003/12/01 09:10:17.295480,177.99,5
2003/12/01 09:10:17.295480,177.99,1
2003/12/01 09:10:17.295480,177.99,70
2003/12/01 09:10:17.295488,177.99,3
2003/12/01 09:10:17.295493,177.98,10
2003/12/01 09:10:17.295493,177.94,5
2003/12/01 09:10:17.295493,177.91,370
2003/12/01 09:10:17.295497,177.9,1
2003/12/01 09:10:17.295501,177.9,1
2003/12/01 09:10:17.295506,177.9,27
2003/12/01 09:10:17.295833,177.9,973
2003/12/01 09:10:17.295916,177.9,100
2003/12/01 09:10:17.349601,177.9,140
2003/12/01 09:10:17.413664,177.88,39
2003/12/01 09:10:17.428285,177.88,28
2003/12/01 09:10:17.428288,177.88,5
2003/12/01 09:10:17.428450,177.88,1
2003/12/01 09:10:17.428450,177.88,5
2003/12/01 09:10:17.428510,177.84,1
2003/12/01 09:10:19.956707,177.89,10
2003/12/01 09:10:22.972171,177.97,1
2003/12/01 09:10:24.394531,177.99,5
2003/12/01 09:10:26.169020,177.99,5
2003/12/01 09:10:27.476711,177.89,20
2003/12/01 09:10:30.300143,177.99,1
2003/12/01 09:10:31.696934,177.99,3
2003/12/01 09:10:35.317336,178.0,3
2003/12/01 09:10:41.586425,178.0,1
2003/12/01 09:10:41.967167,178.0,1
2003/12/01 09:10:45.537400,177.99,3
2003/12/01 09:10:47.107712,177.99,1
2003/12/01 09:10:49.881612,177.98,1
2003/12/01 09:10:50.245867,178.0,4
2003/12/01 09:10:51.953590,177.98,1
2003/12/01 09:10:52.929041,177.98,1
2003/12/01 09:10:54.058904,177.98,4
2003/12/01 09:10:54.128902,178.0,6
2003/12/01 09:10:57.738461,177.99,10
2003/12/01 09:10:57.738864,177.98,5
2003/12/01 09:11:01.608354,177.99,1
2003/12/01 09:11:03.010023,178.01,1
2003/12/01 09:11:05.845461,178.0,9
2003/12/01 09:11:05.845465,178.0,1
2003/12/01 09:11:05.845467,178.0,1
2003/12/01 09:11:05.845469,178.0,8
2003/12/01 09:11:06.754088,178.09,1
2003/12/01 09:11:15.781571,178.0,1
2003/12/01 09:11:16.064131,178.0,1
2003/12/01 09:11:25.506826,178.09,4
2003/12/01 09:11:29.814398,178.0,1
2003/12/01 09:11:31.998947,178.09,65
2003/12/01 09:11:37.626689,178.09,42
2003/12/01 09:11:39.978196,178.1,10
2003/12/01 09:11:49.528285,178.09,10
2003/12/01 09:11:49.536009,178.05,1
2003/12/01 09:11:50.676735,178.09,1
2003/12/01 09:12:06.918602,178.01,12
2003/12/01 09:12:08.801443,178.08,1
2003/12/01 09:12:15.683135,178.08,1
2003/12/01 09:12:15.683254,178.08,5
2003/12/01 09:12:15.683256,178.01,48
2003/12/01 09:12:18.268661,178.08,10
2003/12/01 09:12:18.268661,178.09,10
2003/12/01 09:12:18.268661,178.1,3
2003/12/01 09:12:18.268661,178.1,7
2003/12/01 09:12:24.631509,178.09,1
2003/12/01 09:12:27.226936,178.09,4
2003/12/01 09:12:28.655455,178.06,1
2003/12/01 09:12:29.362704,178.09,1
2003/12/01 09:12:37.597920,178.09,5
2003/12/01 09:12:39.705910,178.05,100
2003/12/01 09:12:44.532100,178.09,1
2003/12/01 09:12:47.137462,178.09,6
2003/12/01 09:12:53.428695,178.09,1
2003/12/01 09:12:55.362674,178.09,1
2003/12/01 09:12:56.739435,178.06,1
2003/12/01 09:12:56.739438,178.03,12
2003/12/01 09:12:56.739841,178.05,1
2003/12/01 09:12:56.739841,178.05,9
2003/12/01 09:13:01.433008,178.08,2
2003/12/01 09:13:15.445540,178.08,1
2003/12/01 09:13:21.767118,178.08,100
2003/12/01 09:13:38.524765,178.03,1
2003/12/01 09:13:38.918102,178.03,3
2003/12/01 09:13:45.384322,178.03,1
2003/12/01 09:13:45.384322,178.03,1
2003/12/01 09:13:45.384322,178.03,1
2003/12/01 09:13:45.384325,178.03,3
2003/12/01 09:13:45.384331,178.01,54
2003/12/01 09:13:46.933604,178.03,1
2003/12/01 09:13:53.260845,178.08,1
2003/12/01 09:13:55.022097,178.03,3
2003/12/01 09:13:55.628910,178.03,3
2003/12/01 09:13:56.264930,178.03,2
2003/12/01 09:13:57.454448,178.03,1
2003/12/01 09:13:58.686570,178.03,1
2003/12/01 09:14:03.553085,178.03,5
2003/12/01 09:14:09.802631,178.03,4
2003/12/01 09:14:14.013875,178.03,1
2003/12/01 09:14:19.445328,178.05,1
2003/12/01 09:14:19.445926,178.05,2
2003/12/01 09:14:29.442260,178.06,30
2003/12/01 09:14:31.568690,178.08,8
2003/12/01 09:14:35.097227,178.05,3
2003/12/01 09:14:35.097230,178.05,3
2003/12/01 09:14:35.097232,178.05,94
2003/12/01 09:14:35.107736,178.07,58
2003/12/01 09:14:38.955536,178.09,1
2003/12/01 09:14:38.955538,178.09,1
2003/12/01 09:14:38.955571,178.07,8
2003/12/01 09:14:38.955571,178.08,150
2003/12/01 09:14:38.955571,178.08,42
2003/12/01 09:14:38.956066,178.09,50
2003/12/01 09:14:38.956121,178.09,35
2003/12/01 09:14:43.447372,178.09,4
2003/12/01 09:14:43.447372,178.08,1
2003/12/01 09:15:08.959071,178.19,3
2003/12/01 09:15:17.112227,178.1,1
2003/12/01 09:15:21.840898,178.19,4
2003/12/01 09:15:22.849362,178.1,5
2003/12/01 09:15:24.458997,178.1,11
2003/12/01 09:15:28.042096,178.1,1
2003/12/01 09:15:28.042125,178.08,82
2003/12/01 09:15:28.042127,178.08,2
2003/12/01 09:15:28.042129,178.08,2
2003/12/01 09:15:28.042131,178.08,1
2003/12/01 09:15:28.042134,178.08,113
2003/12/01 09:15:28.042137,178.08,50
2003/12/01 09:15:28.042139,178.08,36
2003/12/01 09:15:28.042148,178.05,26
2003/12/01 09:15:28.042155,178.03,1
2003/12/01 09:15:28.042157,178.03,7
2003/12/01 09:15:28.042175,178.1,38
2003/12/01 09:15:28.042187,178.1,10
2003/12/01 09:15:28.042187,178.1,50
2003/12/01 09:15:28.042188,178.09,30
2003/12/01 09:15:28.042188,178.08,1
2003/12/01 09:15:28.042199,178.08,200
2003/12/01 09:15:28.042200,178.08,50
2003/12/01 09:15:28.042200,178.07,10
2003/12/01 09:15:28.042200,178.07,2
2003/12/01 09:15:28.042208,178.07,5
2003/12/01 09:15:28.042212,178.07,10
2003/12/01 09:15:28.042212,178.07,10
2003/12/01 09:15:28.042212,178.05,1
2003/12/01 09:15:28.042216,178.05,5
2003/12/01 09:15:28.042301,178.09,20
2003/12/01 09:15:28.042314,178.09,4
2003/12/01 09:15:28.042712,178.03,1
2003/12/01 09:15:28.043279,178.03,1
2003/12/01 09:15:34.798328,178.04,1
2003/12/01 09:15:35.189589,178.02,10
2003/12/01 09:15:35.189606,178.01,100
2003/12/01 09:15:35.189651,178.02,1
2003/12/01 09:15:35.189651,178.02,100
2003/12/01 09:15:35.189651,178.0,1
2003/12/01 09:15:35.189651,178.0,3
2003/12/01 09:15:35.189661,178.0,1
2003/12/01 09:15:35.189666,178.0,58
2003/12/01 09:15:35.189666,178.0,2
2003/12/01 09:15:35.189666,178.0,1
2003/12/01 09:15:35.189669,178.0,100
2003/12/01 09:15:35.189677,178.0,1
2003/12/01 09:15:35.189677,178.0,1
2003/12/01 09:15:35.189677,178.0,1
2003/12/01 09:15:35.189678,178.0,10
2003/12/01 09:15:35.189687,178.0,300
2003/12/01 09:15:35.189715,178.01,100
2003/12/01 09:15:35.189717,178.01,10
2003/12/01 09:15:35.189845,178.0,2
2003/12/01 09:15:35.189851,178.0,100
2003/12/01 09:15:35.190011,178.0,2
2003/12/01 09:15:35.190013,178.0,20
2003/12/01 09:15:35.190015,178.0,40
2003/12/01 09:15:35.190018,178.0,1
2003/12/01 09:15:35.190037,177.99,1
2003/12/01 09:15:35.190039,177.99,5
2003/12/01 09:15:35.190226,177.99,2
2003/12/01 09:15:35.190226,177.99,1
2003/12/01 09:15:35.190529,178.0,1000
2003/12/01 09:15:35.190529,178.0,790
2003/12/01 09:15:35.190787,178.0,733
2003/12/01 09:15:35.191038,178.0,50
2003/12/01 09:15:35.192279,178.0,68
2003/12/01 09:15:35.560754,178.0,168
2003/12/01 09:15:41.126047,178.08,1
2003/12/01 09:15:43.119423,178.1,1
2003/12/01 09:15:43.331260,178.11,50
2003/12/01 09:15:43.331263,178.12,10
2003/12/01 09:15:43.331685,178.12,140
2003/12/01 09:15:43.774785,178.14,1
2003/12/01 09:15:55.455479,178.02,13
2003/12/01 09:15:55.641896,178.1,2
2003/12/01 09:15:55.641896,178.12,18
2003/12/01 09:15:56.114027,178.13,1
2003/12/01 09:15:56.114424,178.12,6
2003/12/01 09:16:00.533630,178.13,10
2003/12/01 09:16:00.533630,178.14,32
2003/12/01 09:16:03.428223,178.07,4
2003/12/01 09:16:03.428226,178.03,50
2003/12/01 09:16:03.428229,178.03,50
2003/12/01 09:16:03.428234,178.02,61
2003/12/01 09:16:03.428627,178.08,5
2003/12/01 09:16:03.428627,178.02,50
2003/12/01 09:16:03.428627,178.02,45
2003/12/01 09:16:03.466218,178.07,2
2003/12/01 09:16:05.841190,178.08,6
2003/12/01 09:16:10.444168,178.07,1
2003/12/01 09:16:12.255188,178.09,25
2003/12/01 09:16:12.377494,178.09,1
2003/12/01 09:16:13.733743,178.09,15
2003/12/01 09:16:18.644137,178.09,740
2003/12/01 09:16:18.644253,178.1,6
2003/12/01 09:16:18.644447,178.09,45
2003/12/01 09:16:19.081104,178.09,2
2003/12/01 09:16:19.873728,178.01,5
2003/12/01 09:16:24.457627,178.1,1
2003/12/01 09:16:27.947446,178.09,1
2003/12/01 09:16:31.288742,178.09,20
2003/12/01 09:16:35.963831,178.07,20
2003/12/01 09:16:35.964059,178.07,5
2003/12/01 09:16:35.987159,178.02,39
2003/12/01 09:16:35.987161,178.01,2
2003/12/01 09:16:35.987165,178.01,123
2003/12/01 09:16:35.987566,178.02,1
2003/12/01 09:16:35.987566,178.01,100
2003/12/01 09:16:36.633203,178.04,1
2003/12/01 09:16:47.265837,178.01,1
2003/12/01 09:16:47.265837,178.01,1
2003/12/01 09:16:47.265837,178.01,1
2003/12/01 09:16:49.569221,178.01,2
2003/12/01 09:16:51.450482,178.08,1
2003/12/01 09:17:01.000263,178.08,5
2003/12/01 09:17:03.307716,178.08,20
2003/12/01 09:17:14.451133,178.01,17
2003/12/01 09:17:14.451136,178.01,10
2003/12/01 09:17:14.451139,178.01,1
2003/12/01 09:17:14.451142,178.01,50
2003/12/01 09:17:14.451145,178.01,3
2003/12/01 09:17:23.350761,178.02,1
2003/12/01 09:17:23.428453,178.02,4
2003/12/01 09:17:28.033771,178.01,28
2003/12/01 09:17:28.033802,178.02,2
2003/12/01 09:17:34.771108,178.02,19
2003/12/01 09:17:34.781176,178.01,129
2003/12/01 09:17:34.781321,178.01,10
2003/12/01 09:17:34.781326,178.01,5
2003/12/01 09:17:34.781331,178.01,4
2003/12/01 09:17:34.781563,178.01,1
2003/12/01 09:17:34.782023,178.0,20
2003/12/01 09:17:34.782025,178.0,15
2003/12/01 09:17:34.782028,178.0,4
2003/12/01 09:17:34.782031,178.0,1
2003/12/01 09:17:34.782040,177.99,2
2003/12/01 09:17:34.782426,178.0,30
2003/12/01 09:17:34.782426,178.0,10
2003/12/01 09:17:34.782426,178.0,20
2003/12/01 09:17:34.782427,178.0,1
2003/12/01 09:17:34.782441,178.0,10
2003/12/01 09:17:34.782441,178.0,9
2003/12/01 09:17:34.782441,178.0,10
2003/12/01 09:17:35.202993,177.97,30
2003/12/01 09:17:35.202995,177.96,10
2003/12/01 09:17:35.202998,177.93,8
2003/12/01 09:17:35.203001,177.92,17
2003/12/01 09:17:35.203404,177.98,2
2003/12/01 09:17:35.203404,177.98,20
2003/12/01 09:17:35.203404,177.97,5
2003/12/01 09:17:35.203404,177.95,1
2003/12/01 09:17:35.203414,177.95,1
2003/12/01 09:17:35.203418,177.95,10
2003/12/01 09:17:35.203418,177.93,100
2003/12/01 09:17:35.203418,177.93,50
2003/12/01 09:17:35.203423,177.93,10
2003/12/01 09:17:35.203725,177.91,1
2003/12/01 09:17:35.339288,177.91,21
2003/12/01 09:17:35.339364,177.91,1
2003/12/01 09:17:35.339454,177.91,3
2003/12/01 09:17:35.339456,177.9,10
2003/12/01 09:17:35.340089,177.9,1
2003/12/01 09:17:37.621232,177.95,1
2003/12/01 09:17:38.938947,177.96,1
2003/12/01 09:17:47.153500,177.96,1
2003/12/01 09:17:48.275699,177.95,1
2003/12/01 09:17:48.901379,177.9,49
2003/12/01 09:17:48.901383,177.87,116
2003/12/01 09:17:48.901823,177.9,2
2003/12/01 09:17:48.901823,177.9,1
2003/12/01 09:17:48.901823,177.9,1
2003/12/01 09:17:48.901823,177.86,10
2003/12/01 09:17:48.901837,177.85,20
2003/12/01 09:17:48.901837,177.84,1
2003/12/01 09:17:48.901837,177.84,10
2003/12/01 09:17:48.901837,177.84,6
2003/12/01 09:17:48.901848,177.84,1
2003/12/01 09:17:48.901848,177.82,48
2003/12/01 09:17:58.674705,177.85,1
2003/12/01 09:18:05.201824,177.83,100
2003/12/01 09:18:05.201824,177.82,100
2003/12/01 09:18:05.201824,177.81,2
2003/12/01 09:18:05.201892,177.87,2
2003/12/01 09:18:05.201895,177.84,38
2003/12/01 09:18:05.201897,177.83,3
2003/12/01 09:18:05.822587,177.9,1
2003/12/01 09:18:07.547261,177.83,97
2003/12/01 09:18:07.547265,177.81,117
2003/12/01 09:18:21.583020,177.86,83
2003/12/01 09:18:35.626259,177.98,3
2003/12/01 09:18:36.532155,177.91,280
2003/12/01 09:18:36.642006,177.91,20
2003/12/01 09:18:36.642007,177.87,7
2003/12/01 09:18:36.642007,177.86,1
2003/12/01 09:18:36.642007,177.86,6
2003/12/01 09:18:36.642015,177.86,1
2003/12/01 09:18:36.642019,177.86,1
2003/12/01 09:18:36.642019,177.86,1
2003/12/01 09:18:36.642074,177.9,50
2003/12/01 09:18:36.642075,177.86,158
2003/12/01 09:18:38.672712,177.95,1
2003/12/01 09:18:43.254077,177.95,10
2003/12/01 09:18:52.329883,177.95,1
2003/12/01 09:18:53.295354,177.95,1
2003/12/01 09:18:56.047257,177.95,8
2003/12/01 09:19:03.161090,177.93,1
2003/12/01 09:19:03.161379,177.95,2
2003/12/01 09:19:04.835830,177.95,1
2003/12/01 09:19:28.836401,177.95,1
2003/12/01 09:19:39.407355,177.95,3
2003/12/01 09:19:39.966183,177.95,3
2003/12/01 09:19:39.966183,177.97,7
2003/12/01 09:19:42.840640,177.95,5
2003/12/01 09:19:44.583614,177.95,3
2003/12/01 09:19:51.939305,177.99,16
2003/12/01 09:19:53.889947,177.95,1
2003/12/01 09:19:56.888807,177.95,4
2003/12/01 09:20:02.994308,177.95,24
2003/12/01 09:20:07.763621,177.94,16
2003/12/01 09:20:08.569348,177.95,10
2003/12/01 09:20:21.677785,177.96,8
2003/12/01 09:20:26.098314,177.94,1
2003/12/01 09:20:27.912623,177.95,1
2003/12/01 09:20:34.376520,177.95,1
2003/12/01 09:20:36.183327,177.95,1
2003/12/01 09:20:36.330338,177.95,1
2003/12/01 09:20:40.050001,177.95,3
2003/12/01 09:20:47.784876,177.95,5
2003/12/01 09:20:50.440130,177.95,2
2003/12/01 09:21:02.176297,178.0,3
2003/12/01 09:21:08.869381,177.95,47
2003/12/01 09:21:28.191445,178.0,1
2003/12/01 09:21:30.822450,177.95,10
2003/12/01 09:21:30.822484,177.95,38
2003/12/01 09:21:32.940631,178.0,1
2003/12/01 09:21:32.940631,177.96,2
2003/12/01 09:21:32.940631,177.95,1
2003/12/01 09:21:32.940632,177.95,3
2003/12/01 09:21:32.940640,177.95,1
2003/12/01 09:21:32.940646,177.95,9
2003/12/01 09:21:32.940646,177.95,10
2003/12/01 09:21:32.940646,177.95,5
2003/12/01 09:21:32.940649,177.92,18
2003/12/01 09:21:58.745103,178.0,10
2003/12/01 09:21:58.749160,178.02,15
2003/12/01 09:22:05.481616,178.03,3
2003/12/01 09:22:08.665942,178.03,1
2003/12/01 09:22:18.694601,178.02,100
2003/12/01 09:22:18.694983,178.02,165
2003/12/01 09:22:25.681872,178.0,1
2003/12/01 09:22:28.048539,178.03,1
2003/12/01 09:22:38.342540,178.03,49
2003/12/01 09:22:38.342542,178.03,50
2003/12/01 09:22:38.342545,178.04,1
2003/12/01 09:22:38.342952,178.02,50
2003/12/01 09:22:38.342959,178.03,4
2003/12/01 09:22:38.342959,178.03,10
2003/12/01 09:22:38.342959,178.04,50
2003/12/01 09:22:38.342961,178.05,2
2003/12/01 09:22:38.342967,178.05,4
2003/12/01 09:22:38.342970,178.05,10
2003/12/01 09:22:38.342970,178.06,35
2003/12/01 09:22:39.665240,178.02,1
2003/12/01 09:22:41.380503,178.05,1
2003/12/01 09:22:41.595916,178.02,4
2003/12/01 09:22:42.989889,178.02,2
2003/12/01 09:22:50.167960,178.02,1
2003/12/01 09:22:53.866386,178.02,1
2003/12/01 09:22:58.239952,178.02,1
2003/12/01 09:23:05.101814,178.04,2
2003/12/01 09:23:08.951046,178.02,1
2003/12/01 09:23:09.233489,178.0,1
2003/12/01 09:23:09.233489,178.0,1
2003/12/01 09:23:12.065049,178.05,5
2003/12/01 09:23:16.386125,178.04,2
2003/12/01 09:23:25.644864,178.03,5
2003/12/01 09:23:26.708022,178.02,4
2003/12/01 09:23:35.172974,178.02,1
2003/12/01 09:23:39.518243,178.02,1
2003/12/01 09:23:39.518593,178.02,1
2003/12/01 09:23:44.790168,178.03,50
2003/12/01 09:23:48.357108,178.03,1
2003/12/01 09:23:48.704271,178.03,3
2003/12/01 09:23:53.988070,178.03,41
2003/12/01 09:23:57.021119,178.04,1
2003/12/01 09:24:03.205573,178.04,2
2003/12/01 09:24:05.944829,178.04,11
2003/12/01 09:24:06.213438,178.03,7
2003/12/01 09:24:10.411844,178.04,30
2003/12/01 09:24:10.550380,178.04,1
2003/12/01 09:24:11.389989,178.04,1
2003/12/01 09:24:12.441905,178.03,2
2003/12/01 09:24:12.441905,178.03,1
2003/12/01 09:24:12.441905,178.03,1
2003/12/01 09:24:12.441905,178.02,21
2003/12/01 09:24:12.442021,178.03,3
2003/12/01 09:24:14.845241,178.03,4
2003/12/01 09:24:17.041046,178.0,3
2003/12/01 09:24:17.041049,178.0,1
2003/12/01 09:24:17.041052,178.0,18
2003/12/01 09:24:17.041369,178.03,28
2003/12/01 09:24:18.400560,178.02,10
2003/12/01 09:24:21.930445,178.01,10
2003/12/01 09:24:21.930445,178.0,29
2003/12/01 09:24:21.930445,178.0,1
2003/12/01 09:24:21.930445,178.0,1
2003/12/01 09:24:21.930453,178.0,1
2003/12/01 09:24:21.977401,178.01,1
2003/12/01 09:24:23.024606,178.02,7
2003/12/01 09:24:23.713800,178.0,2
2003/12/01 09:24:23.713804,178.0,9
2003/12/01 09:24:23.713806,178.0,1
2003/12/01 09:24:23.713809,178.0,10
2003/12/01 09:24:23.713811,178.0,1
2003/12/01 09:24:23.713814,178.0,26
2003/12/01 09:24:31.736449,178.0,4
2003/12/01 09:24:31.738831,178.0,4
2003/12/01 09:24:32.069105,177.99,4
2003/12/01 09:24:32.069522,178.0,296
2003/12/01 09:24:40.241423,178.02,1
2003/12/01 09:24:54.896354,178.02,14
2003/12/01 09:24:55.929688,178.01,11
2003/12/01 09:24:55.929787,178.0,3
2003/12/01 09:24:55.929787,177.98,50
2003/12/01 09:24:55.929787,177.98,50
2003/12/01 09:24:55.929787,177.97,10
2003/12/01 09:24:55.929800,177.96,4
2003/12/01 09:24:55.929800,177.95,60
2003/12/01 09:24:55.929800,177.95,2
2003/12/01 09:24:55.929800,177.95,5
2003/12/01 09:24:55.929808,177.95,5
2003/12/01 09:24:55.929811,177.95,10
2003/12/01 09:24:55.929811,177.93,46
2003/12/01 09:25:03.745904,178.0,50
2003/12/01 09:25:04.176845,177.99,5
2003/12/01 09:25:04.177042,177.99,10
2003/12/01 09:25:04.177121,177.99,1
2003/12/01 09:25:05.790486,177.99,2
2003/12/01 09:25:07.269683,177.99,1
2003/12/01 09:25:09.218957,177.98,50
2003/12/01 09:25:12.809487,177.97,1
2003/12/01 09:25:16.166022,177.97,1
2003/12/01 09:25:18.185711,177.95,1
2003/12/01 09:25:18.185714,177.95,1
2003/12/01 09:25:18.185717,177.95,2
2003/12/01 09:25:18.185808,177.95,1
2003/12/01 09:25:18.185808,177.92,33
2003/12/01 09:25:18.185808,177.92,50
2003/12/01 09:25:18.185808,177.92,50
2003/12/01 09:25:18.185816,177.91,4
2003/12/01 09:25:18.185820,177.91,1
2003/12/01 09:25:18.185820,177.91,5
2003/12/01 09:25:18.185820,177.91,25
2003/12/01 09:25:18.185825,177.91,10
2003/12/01 09:25:18.185831,177.9,1
2003/12/01 09:25:18.185831,177.9,65
2003/12/01 09:25:18.185906,177.95,3
2003/12/01 09:25:18.185914,177.95,5
2003/12/01 09:25:18.185917,177.95,1
2003/12/01 09:25:18.636344,177.94,5
2003/12/01 09:25:18.862471,177.91,2
2003/12/01 09:25:18.862473,177.91,1
2003/12/01 09:25:18.862476,177.91,1
2003/12/01 09:25:18.862479,177.89,28
2003/12/01 09:25:18.862482,177.89,50
2003/12/01 09:25:18.862485,177.89,18
2003/12/01 09:25:20.192349,177.94,4
2003/12/01 09:25:24.048853,177.95,1
2003/12/01 09:25:33.249042,177.9,1
2003/12/01 09:25:33.250950,177.9,3
2003/12/01 09:25:38.149683,177.9,245
2003/12/01 09:25:44.509511,177.9,92
2003/12/01 09:25:45.358397,177.98,50
2003/12/01 09:25:45.358397,177.98,50
2003/12/01 09:25:54.585273,177.9,1
2003/12/01 09:25:54.585574,177.9,24
2003/12/01 09:25:57.282645,177.98,10
2003/12/01 09:26:00.754281,177.91,5
2003/12/01 09:26:00.754601,177.9,12
2003/12/01 09:26:09.179594,177.95,1
2003/12/01 09:26:10.542490,177.99,5
2003/12/01 09:26:10.637574,177.91,60
2003/12/01 09:26:14.663386,177.91,1
2003/12/01 09:26:16.773181,177.99,20
2003/12/01 09:26:17.949283,177.99,1
2003/12/01 09:26:18.581035,177.99,1
2003/12/01 09:26:26.256648,177.99,1
2003/12/01 09:26:38.530903,177.99,7
2003/12/01 09:26:45.850913,177.99,1
2003/12/01 09:26:51.935394,177.99,1
2003/12/01 09:26:52.749220,177.99,5
2003/12/01 09:26:57.806369,177.99,2
2003/12/01 09:26:57.806370,178.0,8
2003/12/01 09:26:59.917685,178.0,6
2003/12/01 09:27:08.491001,178.0,1
2003/12/01 09:27:13.540894,177.99,1
2003/12/01 09:27:14.071141,177.99,1
2003/12/01 09:27:14.554221,177.92,100
2003/12/01 09:27:14.554224,177.91,165
2003/12/01 09:27:14.554605,177.99,2
2003/12/01 09:27:14.554613,177.99,1
2003/12/01 09:27:16.990313,177.97,6
2003/12/01 09:27:22.181819,177.92,100
2003/12/01 09:27:22.181822,177.91,165
2003/12/01 09:27:28.499875,177.91,170
2003/12/01 09:27:28.499878,177.91,1
2003/12/01 09:27:28.499999,177.9,5
2003/12/01 09:27:28.500294,177.91,10
2003/12/01 09:27:28.500505,177.91,2
2003/12/01 09:27:28.500505,177.91,1
2003/12/01 09:27:28.500505,177.91,1
2003/12/01 09:27:28.500509,177.91,4
2003/12/01 09:27:28.500728,177.9,1
2003/12/01 09:27:28.500728,177.9,94
2003/12/01 09:27:28.501027,177.9,6
2003/12/01 09:27:28.501027,177.9,20
2003/12/01 09:27:28.501027,177.9,4
2003/12/01 09:27:29.032709,177.91,300
2003/12/01 09:27:32.130685,177.91,1
2003/12/01 09:27:32.261833,177.91,1
2003/12/01 09:27:32.754652,177.91,1
2003/12/01 09:27:33.404371,177.95,10
2003/12/01 09:27:33.404371,177.96,43
2003/12/01 09:27:36.578086,177.89,1
2003/12/01 09:27:36.578086,177.89,1
2003/12/01 09:27:36.578086,177.89,1
2003/12/01 09:27:36.578086,177.88,2
2003/12/01 09:27:36.578094,177.88,1
2003/12/01 09:27:36.578098,177.88,4
2003/12/01 09:27:36.578098,177.88,30
2003/12/01 09:27:48.736070,177.91,1
2003/12/01 09:27:48.751046,177.91,3
2003/12/01 09:27:48.801720,177.91,55
2003/12/01 09:27:51.655515,177.91,141
2003/12/01 09:27:59.984069,177.87,1
2003/12/01 09:27:59.984069,177.87,1
2003/12/01 09:27:59.984069,177.87,100
2003/12/01 09:28:04.623797,177.87,50
2003/12/01 09:28:04.623800,177.87,107
2003/12/01 09:28:18.631290,177.87,1
2003/12/01 09:28:19.214212,177.87,7
2003/12/01 09:28:20.636178,177.86,3
2003/12/01 09:28:20.636178,177.86,15
2003/12/01 09:28:20.636178,177.86,107
2003/12/01 09:28:20.636178,177.86,20
2003/12/01 09:28:20.636186,177.86,5
2003/12/01 09:28:20.866377,177.87,40
2003/12/01 09:28:20.971560,177.87,1
2003/12/01 09:28:23.753132,177.87,1
2003/12/01 09:28:23.753134,177.9,99
2003/12/01 09:28:26.166189,177.87,7
2003/12/01 09:28:26.166192,177.87,177
2003/12/01 09:28:26.166194,177.86,71
2003/12/01 09:28:26.166588,177.86,5
2003/12/01 09:28:26.166588,177.86,5
2003/12/01 09:28:26.185388,177.85,1
2003/12/01 09:28:26.185388,177.85,75
2003/12/01 09:28:26.185475,177.86,95
2003/12/01 09:28:26.185478,177.86,7
2003/12/01 09:28:26.185481,177.86,25
2003/12/01 09:28:26.185485,177.86,5
2003/12/01 09:28:26.185488,177.86,5
2003/12/01 09:28:26.185490,177.86,6
2003/12/01 09:28:26.185493,177.86,1
2003/12/01 09:28:26.185496,177.86,25
2003/12/01 09:28:26.206130,177.85,160
2003/12/01 09:28:26.206133,177.85,2
2003/12/01 09:28:26.206681,177.85,25
2003/12/01 09:28:26.206681,177.85,5
2003/12/01 09:28:26.206701,177.84,10
2003/12/01 09:28:26.389111,177.83,2
2003/12/01 09:28:27.340009,177.86,1
2003/12/01 09:28:35.442836,177.87,1
2003/12/01 09:28:36.086755,177.85,1
2003/12/01 09:28:36.087130,177.85,2
2003/12/01 09:28:38.338856,177.87,2
2003/12/01 09:28:46.099155,177.85,1
2003/12/01 09:28:46.099567,177.85,1
2003/12/01 09:28:56.020579,177.86,100
2003/12/01 09:28:56.102268,177.85,1
2003/12/01 09:28:58.496326,177.85,5
2003/12/01 09:29:00.178560,177.85,1
2003/12/01 09:29:07.577706,177.85,1
2003/12/01 09:29:09.776021,177.85,3
2003/12/01 09:29:11.536751,177.94,10
2003/12/01 09:29:11.536754,177.95,10
2003/12/01 09:29:11.537156,177.9,10
2003/12/01 09:29:11.537156,177.91,3
2003/12/01 09:29:12.151883,177.89,32
2003/12/01 09:29:12.152324,177.89,10
2003/12/01 09:29:12.152324,177.89,10
2003/12/01 09:29:12.152324,177.88,50
2003/12/01 09:29:12.152324,177.88,50
2003/12/01 09:29:12.152332,177.85,44
2003/12/01 09:29:12.152337,177.85,10
2003/12/01 09:29:12.152337,177.85,9
2003/12/01 09:29:12.152337,177.85,3
2003/12/01 09:29:12.152340,177.85,1
2003/12/01 09:29:12.152344,177.85,10
2003/12/01 09:29:12.152347,177.82,1
2003/12/01 09:29:12.152347,177.81,270
2003/12/01 09:29:16.571381,177.92,3
2003/12/01 09:29:23.360675,177.89,10
2003/12/01 09:29:25.698456,177.87,50
2003/12/01 09:29:25.698458,177.87,50
2003/12/01 09:29:25.698461,177.88,10
2003/12/01 09:29:25.698464,177.89,190
2003/12/01 09:29:25.700436,177.89,1
2003/12/01 09:29:26.134762,177.89,200
2003/12/01 09:29:29.676200,177.89,200
2003/12/01 09:29:34.165306,177.87,10
2003/12/01 09:29:35.173085,177.88,1
2003/12/01 09:29:36.646224,177.85,1
2003/12/01 09:29:36.646227,177.83,50
2003/12/01 09:29:36.646230,177.82,5
2003/12/01 09:29:36.646233,177.82,10
2003/12/01 09:29:36.646240,177.81,2
2003/12/01 09:29:36.646241,177.81,14
2003/12/01 09:29:36.646243,177.81,18
2003/12/01 09:29:36.646611,177.85,3
2003/12/01 09:29:36.646612,177.85,162
2003/12/01 09:29:39.289433,177.8,1
2003/12/01 09:29:39.289436,177.8,1
2003/12/01 09:29:39.289610,177.85,1
2003/12/01 09:29:43.939842,177.86,50
2003/12/01 09:29:43.939842,177.87,50
2003/12/01 09:29:47.709525,177.81,10
2003/12/01 09:29:49.298505,177.85,7
2003/12/01 09:29:54.341815,177.87,100
2003/12/01 09:29:56.648230,177.85,31
2003/12/01 09:29:56.874251,177.8,13
2003/12/01 09:29:56.874254,177.8,25
2003/12/01 09:29:56.874257,177.8,1
2003/12/01 09:29:56.874262,177.8,61
2003/12/01 09:29:56.874630,177.82,165
2003/12/01 09:29:57.384484,177.82,1
2003/12/01 09:29:57.487590,177.81,1
2003/12/01 09:29:59.506205,177.89,3
2003/12/01 09:30:01.929670,177.88,1
2003/12/01 09:30:02.394235,177.87,56
2003/12/01 09:30:05.946973,177.87,100
2003/12/01 09:30:08.832440,177.87,7
2003/12/01 09:30:17.763626,177.87,100
2003/12/01 09:30:20.134311,177.87,6
2003/12/01 09:30:24.669120,177.87,4
2003/12/01 09:30:30.980804,177.87,1
2003/12/01 09:30:32.094767,177.88,1
2003/12/01 09:30:33.208594,177.88,80
2003/12/01 09:30:34.899317,177.87,100
2003/12/01 09:30:36.517741,177.88,4
2003/12/01 09:30:45.950978,177.87,1
2003/12/01 09:30:49.205017,177.87,1
2003/12/01 09:30:49.423005,177.87,3
2003/12/01 09:30:55.425025,177.87,1
2003/12/01 09:30:58.372182,177.87,1
2003/12/01 09:31:00.097299,177.87,2
2003/12/01 09:31:07.783968,177.87,1
2003/12/01 09:31:11.321309,177.87,100
2003/12/01 09:31:20.925268,177.81,2
2003/12/01 09:31:20.925268,177.81,37
2003/12/01 09:31:21.772203,177.87,30
2003/12/01 09:31:24.544571,177.87,1
2003/12/01 09:31:34.546962,177.85,4
2003/12/01 09:31:47.390543,177.81,100
2003/12/01 09:31:47.394742,177.81,10
2003/12/01 09:31:47.417426,177.8,2
2003/12/01 09:31:47.417426,177.8,2
2003/12/01 09:31:47.417426,177.8,1
2003/12/01 09:31:47.417426,177.8,1
2003/12/01 09:31:47.417434,177.8,1
2003/12/01 09:31:47.417437,177.8,93
2003/12/01 09:31:56.788625,177.85,1
2003/12/01 09:31:57.746158,177.8,207
2003/12/01 09:31:57.746162,177.8,38
2003/12/01 09:31:58.616963,177.85,1
2003/12/01 09:32:00.758811,177.85,1
2003/12/01 09:32:03.935685,177.84,10
2003/12/01 09:32:05.367786,177.85,1
2003/12/01 09:32:10.277554,177.85,2
2003/12/01 09:32:17.922271,177.84,1
2003/12/01 09:32:17.922331,177.8,62
2003/12/01 09:32:17.922331,177.8,1
2003/12/01 09:32:17.922331,177.8,15
2003/12/01 09:32:17.922346,177.8,1
2003/12/01 09:32:17.922347,177.8,3
2003/12/01 09:32:17.922347,177.8,2
2003/12/01 09:32:17.922347,177.8,10
2003/12/01 09:32:17.922356,177.8,5
2003/12/01 09:32:17.922358,177.8,2
2003/12/01 09:32:17.922359,177.8,3
2003/12/01 09:32:17.922359,177.8,2
2003/12/01 09:32:17.922364,177.8,50
2003/12/01 09:32:17.922369,177.8,50
2003/12/01 09:32:17.922369,177.79,1
2003/12/01 09:32:17.922369,177.79,1
2003/12/01 09:32:17.922371,177.79,4
2003/12/01 09:32:17.922377,177.79,10
2003/12/01 09:32:17.922380,177.78,1
2003/12/01 09:32:17.922381,177.78,1
2003/12/01 09:32:17.922381,177.78,5
2003/12/01 09:32:17.922385,177.78,1
2003/12/01 09:32:17.922391,177.78,1
2003/12/01 09:32:17.922391,177.78,1
2003/12/01 09:32:17.922391,177.78,2
2003/12/01 09:32:17.922393,177.77,1
2003/12/01 09:32:17.922402,177.77,10
2003/12/01 09:32:17.968449,177.84,1
2003/12/01 09:32:18.595225,177.78,60
2003/12/01 09:32:18.595225,177.77,90
2003/12/01 09:32:18.595225,177.77,10
2003/12/01 09:32:18.595309,177.8,71
2003/12/01 09:32:18.595311,177.8,2
2003/12/01 09:32:18.595314,177.8,1
2003/12/01 09:32:18.595319,177.8,1
2003/12/01 09:32:18.595322,177.79,1
2003/12/01 09:32:18.595324,177.77,9
2003/12/01 09:32:18.595705,177.81,60
2003/12/01 09:32:18.971641,177.82,3
2003/12/01 09:32:21.551667,177.83,1
2003/12/01 09:32:23.904106,177.82,50
2003/12/01 09:32:23.904107,177.82,50
2003/12/01 09:32:24.667065,177.83,1
2003/12/01 09:32:36.163582,177.84,1
2003/12/01 09:32:38.848691,177.84,49
2003/12/01 09:32:38.848692,177.85,18
2003/12/01 09:32:38.848692,177.85,10
2003/12/01 09:32:38.848692,177.85,10
2003/12/01 09:32:38.848701,177.86,50
2003/12/01 09:32:46.627031,177.8,29
2003/12/01 09:32:47.962882,177.79,1
2003/12/01 09:32:47.962914,177.79,59
2003/12/01 09:32:47.963304,177.82,5
2003/12/01 09:32:49.669080,177.8,143
2003/12/01 09:32:51.047460,177.83,1
2003/12/01 09:33:00.316106,177.79,2
2003/12/01 09:33:04.215256,177.79,48
2003/12/01 09:33:04.215260,177.79,50
2003/12/01 09:33:04.215262,177.78,2
2003/12/01 09:33:04.215662,177.83,1
2003/12/01 09:33:04.215662,177.83,1
2003/12/01 09:33:04.215662,177.8,2
2003/12/01 09:33:04.215662,177.8,1
2003/12/01 09:33:04.215676,177.8,50
2003/12/01 09:33:04.215676,177.78,1
2003/12/01 09:33:04.215676,177.78,50
2003/12/01 09:33:04.215677,177.77,5
2003/12/01 09:33:04.215684,177.77,1
2003/12/01 09:33:04.215688,177.77,10
2003/12/01 09:33:04.215688,177.77,43
2003/12/01 09:33:05.245003,177.82,5
2003/12/01 09:33:08.189529,177.77,16
2003/12/01 09:33:08.189532,177.77,49
2003/12/01 09:33:08.189535,177.77,5
2003/12/01 09:33:08.189539,177.77,5
2003/12/01 09:33:08.189541,177.76,1
2003/12/01 09:33:08.189544,177.76,1
2003/12/01 09:33:08.189547,177.75,1
2003/12/01 09:33:08.189549,177.75,1
2003/12/01 09:33:08.189552,177.75,1
2003/12/01 09:33:08.189557,177.75,10
2003/12/01 09:33:08.189557,177.75,1
2003/12/01 09:33:08.189560,177.74,9
2003/12/01 09:33:08.189909,177.8,1
2003/12/01 09:33:08.189977,177.76,1
2003/12/01 09:33:08.189977,177.76,1
2003/12/01 09:33:08.189983,177.76,1
2003/12/01 09:33:08.189983,177.76,100
2003/12/01 09:33:08.189987,177.76,1
2003/12/01 09:33:08.189987,177.75,1
2003/12/01 09:33:08.189993,177.75,1
2003/12/01 09:33:08.189993,177.75,2
2003/12/01 09:33:08.189996,177.75,4
2003/12/01 09:33:08.189996,177.75,10
2003/12/01 09:33:08.190193,177.78,2
2003/12/01 09:33:08.190348,177.73,20
2003/12/01 09:33:08.190350,177.73,23
2003/12/01 09:33:13.194582,177.76,5
2003/12/01 09:33:13.309688,177.76,17
2003/12/01 09:33:20.400001,177.75,1
2003/12/01 09:33:22.240221,177.75,1
2003/12/01 09:33:37.079415,177.75,1
2003/12/01 09:33:37.079420,177.75,59
2003/12/01 09:33:38.158101,177.75,7
2003/12/01 09:33:57.334298,177.77,2
2003/12/01 09:34:15.571970,177.84,1
2003/12/01 09:34:21.941557,177.77,298
2003/12/01 09:34:21.941557,177.77,100
2003/12/01 09:34:21.942404,177.77,10
2003/12/01 09:34:21.943983,177.77,92
2003/12/01 09:34:23.496581,177.84,1
2003/12/01 09:34:40.011117,177.85,400
2003/12/01 09:34:46.214165,177.87,2
2003/12/01 09:34:50.546769,177.82,3
2003/12/01 09:34:51.430323,177.85,1
2003/12/01 09:34:53.451587,177.85,50
2003/12/01 09:35:07.859001,177.85,5
2003/12/01 09:35:07.859004,177.85,2
2003/12/01 09:35:07.908892,177.86,1
2003/12/01 09:35:08.845675,177.85,1
2003/12/01 09:35:11.439570,177.85,1
2003/12/01 09:35:11.462004,177.8,1
2003/12/01 09:35:11.462004,177.8,1
2003/12/01 09:35:27.174894,177.85,1
2003/12/01 09:35:39.603008,177.86,2
2003/12/01 09:35:41.704692,177.86,1
2003/12/01 09:35:46.190162,177.85,1
2003/12/01 09:35:47.496733,177.86,2
2003/12/01 09:35:49.325261,177.86,24
2003/12/01 09:35:51.361674,177.85,18
2003/12/01 09:35:52.205587,177.86,2
2003/12/01 09:35:52.237161,177.86,1
2003/12/01 09:35:59.728589,177.86,6
2003/12/01 09:35:59.728592,177.86,5
2003/12/01 09:36:01.737850,177.85,1
2003/12/01 09:36:01.747091,177.84,50
2003/12/01 09:36:05.503078,177.84,10
2003/12/01 09:36:07.244306,177.84,10
2003/12/01 09:36:09.051706,177.85,1
2003/12/01 09:36:09.637640,177.86,1
2003/12/01 09:36:09.830791,177.86,1
2003/12/01 09:36:13.394716,177.85,1
2003/12/01 09:36:13.492905,177.85,50
2003/12/01 09:36:15.953396,177.85,3
2003/12/01 09:36:18.002307,177.86,2
2003/12/01 09:36:22.200464,177.85,20
2003/12/01 09:36:26.127468,177.85,150
2003/12/01 09:36:26.127468,177.85,10
2003/12/01 09:36:26.127468,177.86,60
2003/12/01 09:36:26.127468,177.86,50
2003/12/01 09:36:26.127476,177.86,50
2003/12/01 09:36:26.127481,177.87,10
2003/12/01 09:36:26.127481,177.87,10
2003/12/01 09:36:26.127481,177.88,160
2003/12/01 09:36:26.246510,177.86,26
2003/12/01 09:36:27.241397,177.88,100
2003/12/01 09:36:27.241474,177.88,100
2003/12/01 09:36:27.241474,177.88,300
2003/12/01 09:36:34.296958,177.87,5
2003/12/01 09:36:37.785405,177.86,2
2003/12/01 09:36:37.785405,177.84,50
2003/12/01 09:36:37.785410,177.83,1
2003/12/01 09:36:37.785410,177.83,1
2003/12/01 09:36:37.785415,177.83,25
2003/12/01 09:36:37.785415,177.81,10
2003/12/01 09:36:37.785421,177.81,100
2003/12/01 09:36:37.785421,177.81,10
2003/12/01 09:36:37.785425,177.81,31
2003/12/01 09:36:42.031769,177.85,1
2003/12/01 09:36:44.342847,177.87,1
2003/12/01 09:36:53.161940,177.85,7
2003/12/01 09:36:53.161941,177.82,50
2003/12/01 09:36:53.161941,177.81,169
2003/12/01 09:36:53.161943,177.81,4
2003/12/01 09:36:58.277468,177.86,1
2003/12/01 09:37:02.890038,177.81,196
2003/12/01 09:37:02.890040,177.8,49
2003/12/01 09:37:03.121154,177.85,1
2003/12/01 09:37:03.662808,177.83,1
2003/12/01 09:37:03.662810,177.83,1
2003/12/01 09:37:03.662812,177.81,20
2003/12/01 09:37:03.662816,177.81,50
2003/12/01 09:37:03.662818,177.8,93
2003/12/01 09:37:03.663180,177.8,51
2003/12/01 09:37:03.663180,177.8,49
2003/12/01 09:37:04.789755,177.84,10
2003/12/01 09:37:09.054419,177.86,5
2003/12/01 09:37:26.914908,177.83,4
2003/12/01 09:37:26.914908,177.8,21
2003/12/01 09:37:29.585918,177.8,1
2003/12/01 09:37:37.092639,177.81,50
2003/12/01 09:37:37.092639,177.8,30
2003/12/01 09:37:37.092640,177.8,30
2003/12/01 09:37:37.092640,177.8,5
2003/12/01 09:37:37.092648,177.8,1
2003/12/01 09:37:37.092652,177.78,50
2003/12/01 09:37:37.092652,177.78,96
2003/12/01 09:37:37.092715,177.81,200
2003/12/01 09:37:37.092717,177.8,29
2003/12/01 09:37:37.092798,177.8,9
2003/12/01 09:37:37.092804,177.8,300
2003/12/01 09:37:44.486995,177.85,7
2003/12/01 09:37:45.001291,177.8,1
2003/12/01 09:37:45.001292,177.8,1
2003/12/01 09:37:45.001292,177.8,2
2003/12/01 09:37:45.001358,177.8,1
2003/12/01 09:38:01.804962,177.84,10
2003/12/01 09:38:01.805059,177.81,10
2003/12/01 09:38:01.805063,177.8,1
2003/12/01 09:38:01.805063,177.8,1
2003/12/01 09:38:01.805067,177.77,20
2003/12/01 09:38:01.805068,177.77,2
2003/12/01 09:38:01.805147,177.8,197
2003/12/01 09:38:01.805149,177.8,2
2003/12/01 09:38:01.805153,177.8,1
2003/12/01 09:38:01.805153,177.8,1
2003/12/01 09:38:01.805950,177.77,10
2003/12/01 09:38:06.288757,177.8,1
2003/12/01 09:38:07.432925,177.8,10
2003/12/01 09:38:30.856192,177.8,4
2003/12/01 09:38:30.856192,177.8,2
2003/12/01 09:38:30.856193,177.8,86
2003/12/01 09:38:30.856195,177.8,1
2003/12/01 09:38:30.856201,177.77,7
2003/12/01 09:38:30.856262,177.8,90
2003/12/01 09:38:30.856265,177.78,30
2003/12/01 09:38:30.856268,177.78,10
2003/12/01 09:38:34.926137,177.82,1
2003/12/01 09:38:45.845699,177.77,15
2003/12/01 09:38:51.471278,177.78,1
2003/12/01 09:38:58.258314,177.81,1
2003/12/01 09:38:58.258317,177.81,49
2003/12/01 09:39:16.063671,177.83,1
2003/12/01 09:39:18.151242,177.84,1
2003/12/01 09:39:20.390235,177.83,150
2003/12/01 09:39:20.390241,177.84,139
2003/12/01 09:39:20.390241,177.84,100
2003/12/01 09:39:20.390241,177.84,200
2003/12/01 09:39:20.390244,177.84,50
2003/12/01 09:39:20.390249,177.84,50
2003/12/01 09:39:20.693698,177.84,150
2003/12/01 09:39:26.911847,177.84,5
2003/12/01 09:39:30.458321,177.84,2
2003/12/01 09:39:33.471941,177.84,154
2003/12/01 09:39:40.835698,177.81,1
2003/12/01 09:39:40.835792,177.81,1
2003/12/01 09:39:40.835792,177.81,24
2003/12/01 09:39:40.835792,177.8,50
2003/12/01 09:39:40.835792,177.8,50
2003/12/01 09:39:40.835800,177.79,100
2003/12/01 09:39:40.835803,177.78,5
2003/12/01 09:39:40.856949,177.8,50
2003/12/01 09:39:40.856952,177.78,50
2003/12/01 09:39:40.857317,177.78,4
2003/12/01 09:39:40.857317,177.78,1
2003/12/01 09:39:40.857317,177.78,160
2003/12/01 09:39:40.857531,177.8,4
2003/12/01 09:39:40.861799,177.78,240
2003/12/01 09:39:40.861799,177.77,25
2003/12/01 09:39:40.867688,177.77,41
2003/12/01 09:39:40.867689,177.77,6
2003/12/01 09:39:40.867689,177.77,1
2003/12/01 09:39:40.867689,177.77,1
2003/12/01 09:39:40.867697,177.77,196
2003/12/01 09:39:40.910957,177.81,50
2003/12/01 09:39:40.910960,177.82,10
2003/12/01 09:39:40.910963,177.82,10
2003/12/01 09:39:40.910967,177.83,50
2003/12/01 09:39:40.910970,177.83,50
2003/12/01 09:39:40.910973,177.84,10
2003/12/01 09:39:40.910986,177.84,50
2003/12/01 09:39:40.910991,177.84,10
2003/12/01 09:39:40.910995,177.84,10
2003/12/01 09:39:52.572429,177.81,5
2003/12/01 09:39:54.499083,177.81,11
2003/12/01 09:40:00.259859,177.83,5
2003/12/01 09:40:04.779740,177.8,10
2003/12/01 09:40:04.779746,177.8,50
2003/12/01 09:40:04.779747,177.8,50
2003/12/01 09:40:04.779747,177.79,10
2003/12/01 09:40:04.779749,177.79,10
2003/12/01 09:40:04.779757,177.77,12
2003/12/01 09:40:04.779808,177.81,1
2003/12/01 09:40:04.779810,177.79,50
2003/12/01 09:40:04.779813,177.78,52
2003/12/01 09:40:06.930363,177.83,50
2003/12/01 09:40:09.420531,177.83,150
2003/12/01 09:40:12.018220,177.84,1
2003/12/01 09:40:12.018223,177.84,10
2003/12/01 09:40:13.848531,177.84,250
2003/12/01 09:40:14.323504,177.84,20
2003/12/01 09:40:14.484560,177.84,50
2003/12/01 09:40:15.851562,177.84,69
2003/12/01 09:41:03.967706,177.85,1
2003/12/01 09:41:16.311317,177.84,20
2003/12/01 09:41:16.311317,177.84,1
2003/12/01 09:41:16.311317,177.84,1
2003/12/01 09:41:16.311321,177.84,16
2003/12/01 09:41:21.098273,177.84,5
2003/12/01 09:41:27.355434,177.84,1
2003/12/01 09:41:36.397164,177.84,50
2003/12/01 09:41:41.241651,177.84,1
2003/12/01 09:41:44.303780,177.86,1
2003/12/01 09:41:44.304364,177.84,13
2003/12/01 09:41:44.304423,177.84,250
2003/12/01 09:41:47.416245,177.84,1
2003/12/01 09:41:49.662977,177.84,6
2003/12/01 09:41:49.663019,177.84,4
2003/12/01 09:41:53.321081,177.85,13
2003/12/01 09:41:55.303596,177.85,10
2003/12/01 09:41:55.303599,177.86,6
2003/12/01 09:41:55.303602,177.86,10
2003/12/01 09:41:55.303607,177.87,1
2003/12/01 09:41:55.303610,177.87,50
2003/12/01 09:41:55.303613,177.88,10
2003/12/01 09:41:55.303615,177.88,10
2003/12/01 09:41:55.303618,177.88,100
2003/12/01 09:41:55.303622,177.89,206
2003/12/01 09:41:55.303663,177.89,1057
2003/12/01 09:41:55.304238,177.86,2
2003/12/01 09:41:55.304260,177.87,1
2003/12/01 09:42:07.058146,177.85,10
2003/12/01 09:42:07.058146,177.85,10
2003/12/01 09:42:07.058146,177.85,10
2003/12/01 09:42:07.058146,177.85,100
2003/12/01 09:42:07.058154,177.84,100
2003/12/01 09:42:07.594020,177.87,50
2003/12/01 09:42:07.594022,177.88,3
2003/12/01 09:42:07.594027,177.88,29
2003/12/01 09:42:11.867808,177.84,50
2003/12/01 09:42:11.867808,177.83,10
2003/12/01 09:42:11.867808,177.83,10
2003/12/01 09:42:11.867808,177.83,10
2003/12/01 09:42:11.867816,177.82,150
2003/12/01 09:42:14.015598,177.82,50
2003/12/01 09:42:14.015598,177.82,50
2003/12/01 09:42:14.015598,177.82,50
2003/12/01 09:42:14.015598,177.81,80
2003/12/01 09:42:14.071837,177.81,230
2003/12/01 09:42:17.940017,177.86,1
2003/12/01 09:42:21.792720,177.84,24
2003/12/01 09:42:21.792723,177.84,2
2003/12/01 09:42:28.514094,177.84,1
2003/12/01 09:42:30.090395,177.84,1
2003/12/01 09:42:41.432623,177.86,1
2003/12/01 09:42:45.032385,177.84,9
2003/12/01 09:42:45.032978,177.85,1
2003/12/01 09:42:45.036003,177.84,1
2003/12/01 09:42:46.518015,177.84,1
2003/12/01 09:42:52.938839,177.84,100
2003/12/01 09:42:58.661196,177.84,60
2003/12/01 09:42:58.661227,177.84,29
2003/12/01 09:42:58.661306,177.86,48
2003/12/01 09:42:58.661306,177.86,50
2003/12/01 09:42:58.661307,177.87,200
2003/12/01 09:42:58.661307,177.87,10
2003/12/01 09:42:58.661315,177.87,60
2003/12/01 09:42:58.661319,177.87,10
2003/12/01 09:42:58.661319,177.87,100
2003/12/01 09:42:58.661319,177.88,10
2003/12/01 09:42:58.661323,177.88,310
2003/12/01 09:42:58.661327,177.88,183
2003/12/01 09:42:58.661331,177.88,1
2003/12/01 09:42:58.661331,177.88,18
2003/12/01 09:42:59.271802,177.84,1
2003/12/01 09:42:59.271802,177.84,4
2003/12/01 09:43:04.770443,177.89,50
2003/12/01 09:43:11.934447,177.83,1
2003/12/01 09:43:11.934451,177.83,50
2003/12/01 09:43:11.934452,177.83,50
2003/12/01 09:43:11.934456,177.82,10
2003/12/01 09:43:11.934459,177.82,10
2003/12/01 09:43:11.934461,177.81,79
2003/12/01 09:43:48.839167,177.84,4
2003/12/01 09:43:55.630900,177.83,5
2003/12/01 09:44:01.559252,177.85,15
2003/12/01 09:44:04.967357,177.85,1
2003/12/01 09:44:05.168132,177.83,1
2003/12/01 09:44:05.469725,177.83,4
2003/12/01 09:44:05.469725,177.81,100
2003/12/01 09:44:12.061359,177.82,100
2003/12/01 09:44:12.061359,177.82,130
2003/12/01 09:44:17.171619,177.82,2
2003/12/01 09:44:18.669795,177.83,230
2003/12/01 09:44:35.814659,177.88,1
2003/12/01 09:44:45.767158,177.87,15
2003/12/01 09:44:50.398506,177.88,79
2003/12/01 09:44:50.398509,177.88,10
2003/12/01 09:44:50.398512,177.89,105
2003/12/01 09:44:51.469165,177.89,100
2003/12/01 09:45:00.931860,177.86,15
2003/12/01 09:45:11.144344,177.87,1
2003/12/01 09:45:11.559124,177.87,99
2003/12/01 09:45:12.571177,177.88,4
2003/12/01 09:45:13.224532,177.88,96
2003/12/01 09:45:13.224532,177.88,2
2003/12/01 09:45:13.224537,177.88,2
2003/12/01 09:45:13.465140,177.88,148
2003/12/01 09:45:15.733080,177.89,100
2003/12/01 09:45:20.406000,177.89,300
2003/12/01 09:45:20.406030,177.89,10
2003/12/01 09:45:20.406034,177.89,42
2003/12/01 09:45:21.172105,177.91,1
2003/12/01 09:45:28.048611,177.95,10
2003/12/01 09:45:28.048611,177.96,10
2003/12/01 09:45:49.796930,177.96,11
2003/12/01 09:45:49.796930,177.92,5
2003/12/01 09:45:49.796930,177.92,50
2003/12/01 09:45:49.796930,177.92,50
2003/12/01 09:45:49.796939,177.91,10
2003/12/01 09:45:49.796943,177.91,3
2003/12/01 09:45:49.796943,177.91,10
2003/12/01 09:45:49.796943,177.91,10
2003/12/01 09:45:49.796947,177.91,10
2003/12/01 09:45:49.796951,177.9,5
2003/12/01 09:45:49.796954,177.88,1
2003/12/01 09:45:49.796954,177.88,65
2003/12/01 09:45:49.797049,177.96,1
2003/12/01 09:46:00.147522,177.9,1
2003/12/01 09:46:09.681291,177.97,1
2003/12/01 09:46:43.465045,177.9,10
2003/12/01 09:46:43.465045,177.9,1
2003/12/01 09:46:43.465049,177.9,1
2003/12/01 09:46:43.465049,177.9,1
2003/12/01 09:46:43.465132,177.91,1
2003/12/01 09:46:43.465137,177.9,139
2003/12/01 09:46:43.465138,177.9,2
2003/12/01 09:46:43.465142,177.9,5
2003/12/01 09:46:43.465146,177.9,70
2003/12/01 09:46:49.474548,177.95,1
2003/12/01 09:46:53.269718,177.96,12
2003/12/01 09:46:54.264461,177.96,2
2003/12/01 09:46:56.949511,177.9,1
2003/12/01 09:47:07.681798,177.9,1
2003/12/01 09:47:12.822760,177.9,1
2003/12/01 09:47:14.235039,177.9,2
2003/12/01 09:47:14.235042,177.9,1
2003/12/01 09:47:14.235047,177.9,3
2003/12/01 09:47:14.235049,177.9,5
2003/12/01 09:47:14.235051,177.9,10
2003/12/01 09:47:14.235144,177.9,5
2003/12/01 09:47:14.235144,177.9,1
2003/12/01 09:47:14.975249,177.88,50
2003/12/01 09:47:14.975249,177.89,250
2003/12/01 09:47:14.975336,177.89,100
2003/12/01 09:47:15.276092,177.89,78
2003/12/01 09:47:15.276146,177.89,222
2003/12/01 09:47:16.313832,177.89,10
2003/12/01 09:47:18.539539,177.89,10
2003/12/01 09:47:26.300288,177.89,1
2003/12/01 09:47:26.541263,177.89,85
2003/12/01 09:47:26.885877,177.89,1
2003/12/01 09:47:27.765883,177.89,1
2003/12/01 09:47:28.440197,177.89,57
2003/12/01 09:47:33.584380,177.89,5
2003/12/01 09:47:35.838634,177.89,1
2003/12/01 09:47:38.647571,177.89,15
2003/12/01 09:47:39.108161,177.89,1
2003/12/01 09:47:42.547058,177.89,1
2003/12/01 09:47:46.863722,177.87,2
2003/12/01 09:47:47.331055,177.89,5
2003/12/01 09:47:49.472286,177.89,2
2003/12/01 09:47:54.221847,177.85,1
2003/12/01 09:47:54.221851,177.82,50
2003/12/01 09:47:54.221851,177.82,7
2003/12/01 09:47:54.221935,177.87,30
2003/12/01 09:47:54.221938,177.86,30
2003/12/01 09:47:54.221941,177.85,100
2003/12/01 09:47:54.221949,177.85,1
2003/12/01 09:47:54.221949,177.85,10
2003/12/01 09:47:54.221953,177.85,1
2003/12/01 09:47:59.128678,177.87,30
2003/12/01 09:48:00.755650,177.86,45
2003/12/01 09:48:06.810465,177.87,20
2003/12/01 09:48:18.722904,177.87,10
2003/12/01 09:48:18.722904,177.84,1
2003/12/01 09:48:18.722904,177.82,192
2003/12/01 09:48:18.722904,177.82,100
2003/12/01 09:48:18.722912,177.82,45
2003/12/01 09:48:18.726180,177.82,176
2003/12/01 09:48:18.727087,177.87,1
2003/12/01 09:48:18.727179,177.82,149
2003/12/01 09:48:18.727179,177.81,1
2003/12/01 09:48:18.727179,177.81,1
2003/12/01 09:48:18.727179,177.81,3
2003/12/01 09:48:18.727188,177.81,1
2003/12/01 09:48:18.727192,177.81,2
2003/12/01 09:48:18.727192,177.81,3
2003/12/01 09:48:18.727192,177.81,383
2003/12/01 09:48:21.093632,177.84,3
2003/12/01 09:48:33.347818,177.87,1
2003/12/01 09:48:33.347818,177.87,5
2003/12/01 09:48:33.347823,177.85,2
2003/12/01 09:48:33.347823,177.84,50
2003/12/01 09:48:33.347905,177.85,44
2003/12/01 09:48:33.351195,177.84,234
2003/12/01 09:48:34.980815,177.9,1
2003/12/01 09:49:05.321806,177.93,2
2003/12/01 09:49:13.085378,177.88,8
2003/12/01 09:49:16.768299,177.88,277
2003/12/01 09:49:19.730058,177.88,1
2003/12/01 09:49:19.730058,177.88,57
2003/12/01 09:49:41.476524,177.9,5
2003/12/01 09:49:45.758226,177.9,6
2003/12/01 09:49:45.898877,177.9,1
2003/12/01 09:49:50.969451,177.9,18
2003/12/01 09:49:52.343624,177.95,1
2003/12/01 09:49:55.115546,177.94,50
2003/12/01 09:49:55.115546,177.95,10
2003/12/01 09:49:55.115555,177.96,50
2003/12/01 09:49:55.115555,177.97,5
2003/12/01 09:49:55.115556,177.97,10
2003/12/01 09:49:55.115558,177.97,10
2003/12/01 09:49:55.115564,178.0,19
2003/12/01 09:49:55.115567,178.0,1
2003/12/01 09:49:55.115567,178.0,5
2003/12/01 09:49:55.115568,178.0,1
2003/12/01 09:49:55.115573,178.01,289
2003/12/01 09:49:59.305277,177.96,1
2003/12/01 09:50:00.485789,177.96,2
2003/12/01 09:50:13.467825,177.96,4
2003/12/01 09:50:17.677181,177.96,2
2003/12/01 09:50:19.041185,177.96,1
2003/12/01 09:50:19.041185,177.96,2
2003/12/01 09:50:23.652382,177.96,7
2003/12/01 09:50:24.547125,177.96,43
2003/12/01 09:50:24.547125,177.96,150
2003/12/01 09:50:28.894854,177.96,21
2003/12/01 09:50:30.201327,177.96,100
2003/12/01 09:50:31.228836,177.96,2
2003/12/01 09:50:32.851230,177.92,31
2003/12/01 09:50:33.477233,177.96,23
2003/12/01 09:50:33.494907,177.96,127
2003/12/01 09:50:34.297642,177.94,50
2003/12/01 09:50:34.297645,177.94,50
2003/12/01 09:50:34.297645,177.92,81
2003/12/01 09:50:34.297724,177.96,10
2003/12/01 09:50:34.297727,177.92,1
2003/12/01 09:50:34.297732,177.92,53
2003/12/01 09:50:35.192850,177.96,10
2003/12/01 09:50:37.090397,177.93,28
2003/12/01 09:50:37.090400,177.92,147
2003/12/01 09:50:37.260139,177.92,166
2003/12/01 09:50:44.336533,177.96,1
2003/12/01 09:50:49.154508,177.92,2
2003/12/01 09:50:49.154510,177.92,1
2003/12/01 09:50:49.154554,177.92,1
2003/12/01 09:50:49.669527,177.92,26
2003/12/01 09:51:12.446304,177.92,50
2003/12/01 09:51:12.446489,177.93,100
2003/12/01 09:51:12.446492,177.93,103
2003/12/01 09:51:21.399958,177.93,370
2003/12/01 09:51:21.399963,177.93,100
2003/12/01 09:51:21.399964,177.93,200
2003/12/01 09:51:21.399964,177.92,100
2003/12/01 09:51:21.399966,177.92,2
2003/12/01 09:51:21.399972,177.92,10
2003/12/01 09:51:21.493256,177.96,2
2003/12/01 09:51:26.895888,177.97,50
2003/12/01 09:51:26.895891,177.99,50
2003/12/01 09:51:40.485099,178.0,1
2003/12/01 09:51:40.485101,178.0,2
2003/12/01 09:51:40.485104,178.0,7
2003/12/01 09:52:10.873487,178.0,3
2003/12/01 09:52:10.873487,177.99,10
2003/12/01 09:52:10.873487,177.96,7
2003/12/01 09:52:14.263242,178.0,1
2003/12/01 09:52:16.656173,178.0,1
2003/12/01 09:52:18.093033,178.03,50
2003/12/01 09:52:18.093036,178.04,17
2003/12/01 09:52:18.093039,178.04,10
2003/12/01 09:52:18.093448,178.02,50
2003/12/01 09:52:18.093448,178.04,50
2003/12/01 09:52:18.093448,178.05,23
2003/12/01 09:52:18.401620,178.04,42
2003/12/01 09:52:19.069138,178.04,8
2003/12/01 09:52:19.069533,178.05,67
2003/12/01 09:52:19.073190,178.09,55
2003/12/01 09:52:19.073231,178.09,45
2003/12/01 09:52:22.327849,178.01,168
2003/12/01 09:52:22.327878,178.04,50
2003/12/01 09:52:22.327878,178.02,50
2003/12/01 09:52:22.327878,178.0,1
2003/12/01 09:52:22.327968,178.01,32
2003/12/01 09:52:22.327970,178.0,1
2003/12/01 09:52:22.327972,178.0,28
2003/12/01 09:52:22.328325,178.0,200
2003/12/01 09:52:22.328337,178.0,52
2003/12/01 09:52:22.450724,178.0,368
2003/12/01 09:52:46.403914,177.99,26
2003/12/01 09:52:50.544025,178.05,50
2003/12/01 09:52:50.544025,178.0,4
2003/12/01 09:52:53.343068,177.95,200
2003/12/01 09:52:53.343068,177.95,1
2003/12/01 09:52:53.343068,177.95,10
2003/12/01 09:52:53.343520,177.95,496
2003/12/01 09:52:57.564204,178.03,6
2003/12/01 09:53:20.174988,178.03,50
2003/12/01 09:53:28.343182,178.03,1
2003/12/01 09:53:53.358864,178.09,20
2003/12/01 09:53:53.975361,178.03,2
2003/12/01 09:53:53.975361,178.03,2
2003/12/01 09:53:59.496270,178.06,113
2003/12/01 09:54:13.359524,178.03,32
2003/12/01 09:54:13.359524,178.0,1
2003/12/01 09:54:13.359524,178.0,1
2003/12/01 09:54:13.359526,178.0,12
2003/12/01 09:54:13.359532,178.0,1
2003/12/01 09:54:13.359537,177.98,1
2003/12/01 09:54:13.359537,177.96,50
2003/12/01 09:54:13.359537,177.96,50
2003/12/01 09:54:13.359540,177.95,97
2003/12/01 09:54:13.359657,178.03,1
2003/12/01 09:54:16.908368,178.02,50
2003/12/01 09:54:16.908370,178.02,50
2003/12/01 09:54:19.192235,178.04,1
2003/12/01 09:54:20.288435,178.0,28
2003/12/01 09:54:23.633062,178.05,5
2003/12/01 09:54:30.767545,178.03,5
2003/12/01 09:54:36.952178,178.03,1
2003/12/01 09:54:37.282295,177.96,21
2003/12/01 09:54:41.037502,178.03,1
2003/12/01 09:54:49.298699,178.03,1
2003/12/01 09:54:55.777394,178.0,24
2003/12/01 09:54:55.996280,178.0,6
2003/12/01 09:54:57.482460,178.03,1
2003/12/01 09:54:58.838236,178.03,1
2003/12/01 09:54:58.941946,178.0,1
2003/12/01 09:55:04.639770,178.02,5
2003/12/01 09:55:11.975375,178.0,5
2003/12/01 09:55:11.975378,178.0,4
2003/12/01 09:55:11.975396,177.96,4
2003/12/01 09:55:11.975425,177.94,1
2003/12/01 09:55:11.975428,177.94,49
2003/12/01 09:55:11.975467,177.96,370
2003/12/01 09:55:11.975467,177.95,3
2003/12/01 09:55:11.975473,177.94,100
2003/12/01 09:55:11.975473,177.94,200
2003/12/01 09:55:11.975477,177.94,50
2003/12/01 09:55:11.975477,177.93,68
2003/12/01 09:55:11.975483,177.93,25
2003/12/01 09:55:11.975484,177.93,200
2003/12/01 09:55:11.975486,177.93,10
2003/12/01 09:55:11.975814,177.93,150
2003/12/01 09:55:11.976507,177.94,2
2003/12/01 09:55:11.976531,177.94,1
2003/12/01 09:55:11.977272,177.93,101
2003/12/01 09:55:14.304071,178.0,1
2003/12/01 09:55:18.310581,178.0,3
2003/12/01 09:55:27.293562,177.99,1
2003/12/01 09:55:39.727812,177.99,12
2003/12/01 09:55:43.404071,177.98,50
2003/12/01 09:55:45.408020,177.95,1
2003/12/01 09:55:45.841545,178.04,1
2003/12/01 09:55:45.841548,178.05,2
2003/12/01 09:55:50.101321,178.0,100
2003/12/01 09:55:50.507395,178.0,34
2003/12/01 09:55:51.372116,178.0,158
2003/12/01 09:55:52.361773,178.0,283
2003/12/01 09:55:53.603703,178.0,200
2003/12/01 09:55:55.047676,178.0,10
2003/12/01 09:55:58.007801,178.0,59
2003/12/01 09:56:00.687005,178.0,1
2003/12/01 09:56:03.622986,177.94,1
2003/12/01 09:56:03.622987,177.94,1
2003/12/01 09:56:03.622987,177.93,1
2003/12/01 09:56:03.622987,177.93,140
2003/12/01 09:56:09.424724,178.03,10
2003/12/01 09:56:11.150014,178.0,9
2003/12/01 09:56:15.274890,178.0,2
2003/12/01 09:56:17.652225,178.0,8
2003/12/01 09:56:17.652253,177.94,1
2003/12/01 09:56:17.652332,177.93,19
2003/12/01 09:56:17.652334,177.93,1
2003/12/01 09:56:17.652334,177.93,60
2003/12/01 09:56:17.652335,177.93,200
2003/12/01 09:56:17.652335,177.93,370
2003/12/01 09:56:17.652336,177.93,1
2003/12/01 09:56:17.652340,177.93,65
2003/12/01 09:56:17.652643,177.93,300
2003/12/01 09:56:17.653171,177.93,135
2003/12/01 09:56:17.970969,177.93,200
2003/12/01 09:56:17.971034,177.93,13
2003/12/01 09:56:22.790522,178.03,2
2003/12/01 09:56:27.945574,178.0,2
2003/12/01 09:56:28.880430,178.03,1
2003/12/01 09:56:32.072129,178.03,1
2003/12/01 09:56:49.211479,178.0,4
2003/12/01 09:56:51.801941,178.0,2
2003/12/01 09:57:02.204400,178.02,50
2003/12/01 09:57:11.552566,178.0,2
2003/12/01 09:57:22.175358,178.06,15
2003/12/01 09:57:35.610391,178.06,2
2003/12/01 09:57:38.683123,178.06,28
2003/12/01 09:57:39.761556,178.07,1
2003/12/01 09:57:45.664249,178.06,2
2003/12/01 09:57:47.598931,178.03,1
2003/12/01 09:57:50.824319,178.05,1
2003/12/01 09:58:01.848861,178.05,3
2003/12/01 09:58:02.900054,178.03,2
2003/12/01 09:58:02.900089,178.06,3
2003/12/01 09:58:18.474729,178.03,1
2003/12/01 09:58:18.474729,178.02,2
2003/12/01 09:58:18.474729,178.01,2
2003/12/01 09:58:19.902436,178.06,100
2003/12/01 09:58:19.902843,178.06,106
2003/12/01 09:58:40.027012,178.06,1
2003/12/01 09:58:44.368002,178.06,15
2003/12/01 09:58:46.515472,178.06,7
2003/12/01 09:58:46.515472,178.06,5
2003/12/01 09:58:46.515472,178.07,93
2003/12/01 09:58:47.115568,178.07,1
2003/12/01 09:58:48.180287,178.06,2
2003/12/01 09:58:54.313690,178.07,1
2003/12/01 09:58:59.662007,178.06,1
2003/12/01 09:59:12.395136,178.06,4
2003/12/01 09:59:12.395431,178.06,1
2003/12/01 09:59:13.816660,178.08,50
2003/12/01 09:59:13.816668,178.09,10
2003/12/01 09:59:13.816672,178.1,1
2003/12/01 09:59:13.816679,178.1,139
2003/12/01 09:59:21.151755,178.06,1
2003/12/01 09:59:22.489427,178.06,27
2003/12/01 09:59:28.451509,178.07,4
2003/12/01 09:59:36.757814,178.07,1
2003/12/01 09:59:40.684138,178.08,1
2003/12/01 09:59:45.464415,178.07,4
2003/12/01 09:59:46.396327,178.09,4
2003/12/01 09:59:46.396330,178.09,96
2003/12/01 09:59:46.396932,178.07,33
2003/12/01 09:59:46.398520,178.08,33
2003/12/01 09:59:46.704315,178.08,114
2003/12/01 09:59:49.260514,178.08,1
2003/12/01 09:59:50.265787,178.09,2
2003/12/01 09:59:57.459655,178.08,83
2003/12/01 09:59:58.208718,178.08,200
2003/12/01 09:59:58.814527,178.09,4
2003/12/01 09:59:58.814530,178.1,96
2003/12/01 09:59:59.547214,178.08,106
